Deputāts/e,Frakcija,Dzimums,Dzimšanas gads,Dzīvesvieta,Izglitība,Politiska partija,Ievelēts/-a no saraksta,Mandāta statuss,Darbība 13.Saeimā,E-pasta adrese
"Adamovičs, Aldis",Jaunā Vienotība,V,1970,Preiļi,"Dabas zinātnes, Maģistra grāds (Latvijas Universitāte, 1999); Ekonomģeogrāfs, Ģeogrāfijas skolotājs vidusskolā (Latvijas Universitāte, 1998)",Latgales partija,Jaunā Vienotība,Pilntiesīgs mandāts,https://titania.saeima.lv/personal/deputati/saeima13_depweb_public.nsf/depArchive.html?ReadForm&unid=DE7DDFC52912D419C22583320029E403&url=./0/DE7DDFC52912D419C22583320029E403?OpenDocument&lang=LV,Aldis.Adamovics@saeima.lv
"Ādamsons, Jānis",Saskaņa,V,1956,"Ogres novads, Suntažu pagasts","Augstākā politiskā, jūras kara flotes stūrmanis (Kijevas Augstākā politiskā jūras karaskola, 1979); Vidējā izglītība (Bauskas 1. vidusskola, 1975)",Saskaņa,Saskaņa,Pilntiesīgs mandāts,https://titania.saeima.lv/personal/deputati/saeima13_depweb_public.nsf/depArchive.html?ReadForm&unid=00E836A691F4A32AC22583320029E552&url=./0/00E836A691F4A32AC22583320029E552?OpenDocument&lang=LV,Janis.Adamsons@saeima.lv
"Agešins, Valērijs",Saskaņa,V,1972,Liepāja,"Jurista kvalifikācija (Baltijas Krievu institūts, 2002); Pedagoģijas maģistra grāds (Latvijas Universitāte, 1998); Vēsturnieks, vēstures pasniedzējs, maģistra grāds (Kaļiņingradas Valsts universitāte, 1994)",Saskaņa,Saskaņa,Pilntiesīgs mandāts,https://titania.saeima.lv/personal/deputati/saeima13_depweb_public.nsf/depArchive.html?ReadForm&unid=507D89B1862A303BC22583320029E365&url=./0/507D89B1862A303BC22583320029E365?OpenDocument&lang=LV,Valerijs.Agesins@saeima.lv
"Ašeradens, Arvils",Jaunā Vienotība,V,1962,Rīga,"Ekonomiskā Ģeogrāfa maģistra grāds (Latvijas Universitāte, 1986)",Vienotība,Jaunā Vienotība,Pilntiesīgs mandāts,https://titania.saeima.lv/personal/deputati/saeima13_depweb_public.nsf/depArchive.html?ReadForm&unid=61DA2879573863FCC22583320029E395&url=./0/61DA2879573863FCC22583320029E395?OpenDocument&lang=LV,Arvils.Aseradens@saeima.lv
"Augulis, Uldis",Zaļo un Zemnieku Savienība,V,1972,"Dobeles novads, Bērzes pagasts","Finanšu vadība (Latvijas Universitāte, 2003); Vispārējā (Jaunpils vidusskola, 1990)",Latvijas Zemnieku savienība,Zaļo un Zemnieku Savienība,Pilntiesīgs mandāts,https://titania.saeima.lv/personal/deputati/saeima13_depweb_public.nsf/depArchive.html?ReadForm&unid=007260F64AC8FD87C22583320029E673&url=./0/007260F64AC8FD87C22583320029E673?OpenDocument&lang=LV,Uldis.Augulis@saeima.lv
"Baumane, Krista",Attīstībai/Par!,S,1973,Rīga,"Bakalaura grāds ar izcilību (Magna Cum Laude), Vadībzinībās (Starptautiskā universitāte Ženēvā, 2000)",Kustība Par!,Attīstībai/Par!,Pilntiesīgs mandāts,https://titania.saeima.lv/personal/deputati/saeima13_depweb_public.nsf/0/F3DA88336EAA1198C22583320029E482?OpenDocument&lang=LV,Krista.Baumane@saeima.lv
"Beitnere-Le Galla, Dagmāra",Jauno Konservatīvo frakcija,S,1955,Jūrmala,"Doktora zinātniskais grāds socioloģijā (Latvijas Universitāte, 2003)",Jaunā konservatīvā partija,Jaunā konservatīva partija,Pilntiesīgs mandāts,https://titania.saeima.lv/personal/deputati/saeima13_depweb_public.nsf/0/EFD494718E8E5586C22583320029E58B?OpenDocument&lang=LV,Dagmara.Beitnere-LeGalla@saeima.lv
"Benhena-Bēkena, Iveta",KPV LV,S,1986,Rīga,"Profesionālais bakalaura grāds Finanšu menedžmentā, Finanšu ekonomists (Latvijas Universitāte, 2014)",Par cilvēcīgu Latviju,KPV LV,Pilntiesīgs mandāts,https://titania.saeima.lv/personal/deputati/saeima13_depweb_public.nsf/0/7C23BE457765F0E9C22583320029E51E?OpenDocument&lang=LV,Iveta.Benhena-Bekena@saeima.lv
"Bergmanis, Raimonds",Zaļo un Zemnieku Savienība,V,1966,Rīga,"Pedagoģijas maģistra grāds sportā, sporta darba speciālists, smagatlētikas treneris (Latvijas Sporta pedagoģijas akadēmija, 2003); Ķīmiķis, stikla un sitālu ķīmiskās tehnoloģijas speciālists (maģistra grāds) (Rīgas Tehniskā universitāte, 1991)",Latvijas Zaļā partija,Zaļo un Zemnieku Savienība,Pilntiesīgs mandāts,https://titania.saeima.lv/personal/deputati/saeima13_depweb_public.nsf/depArchive.html?ReadForm&unid=7620E9A5B14FC7C9C22583320029E606&url=./0/7620E9A5B14FC7C9C22583320029E606?OpenDocument&lang=LV,Raimonds.Bergmanis@saeima.lv
"Bikše, Aigars",Attīstībai/Par!,V,1969,Jaunpils novads,"Mākslas maģistrs, Tēlniecība (Latvijas Mākslas akadēmija, 1994)",Latvijas attīstībai,Attīstībai/Par!,"Apstiprināts uz laiku, kamēr ministra pienākumus pilda deputāti, kuri ievēlēti no partijas “Attīstībai/Par!” Zemgales vēlēšanu apgabala kandidātu saraksta",https://titania.saeima.lv/personal/deputati/saeima13_depweb_public.nsf/0/A60715ACB2608A77C22583320029E61F?OpenDocument&lang=LV,Aigars.Bikse@saeima.lv
"Blumbergs, Aldis",Pie frakcijām nepiederošie deputāti,V,1969,"Babītes novads, Babītes pagasts","Sociālo zinātņu maģistra grāds. Eiropas un starptautiskās tiesības (Latvijas Universitāte, 2004); Jurisprudence (Latvijas Universitāte, 2003); Mēbeļu ražošanas tehnologs (Rīgas Industriālais politehnikums, 1989)",,KPV LV,Pilntiesīgs mandāts,https://titania.saeima.lv/personal/deputati/saeima13_depweb_public.nsf/0/2DE6973DB7C1EC91C22583320029E5D9?OpenDocument&lang=LV,Aldis.Blumbergs@saeima.lv
"Bondars, Mārtiņš",Attīstībai/Par!,V,1971,Rīga,"Maģistra grāds publiskajā pārvaldībā (Hārvardas Universitāte, 2011); Bakalaura grāds starptautiskajā uzņēmējdarbībā (Leiklendas Universitāte, 1996)",Latvijas attīstībai,Attīstībai/Par!,Pilntiesīgs mandāts,https://titania.saeima.lv/personal/deputati/saeima13_depweb_public.nsf/depArchive.html?ReadForm&unid=68F0FB45D89C400BC22583320029E3E2&url=./0/68F0FB45D89C400BC22583320029E3E2?OpenDocument&lang=LV,Martins.Bondars@saeima.lv
"Budriķis, Uldis",Jauno Konservatīvo frakcija,V,1991,Liepāja,"Bakalaura grāds, Starptautiskais mārketings un tirgzinības (Starptautiskā biznesa augstskola (IBA), Koldinga, Dānija, 2014); Pirmā līmeņa augstākā izglītība, kvalifikācija - ekonomists (Starptautiskā biznesa augstskola (IBA), Koldinga, Dānija, 2012)",Jaunā konservatīvā partija,Jaunā konservatīva partija,Pilntiesīgs mandāts,https://titania.saeima.lv/personal/deputati/saeima13_depweb_public.nsf/0/F3B9A9B2C3C3406CC22583320029E380?OpenDocument&lang=LV,Uldis.Budrikis@saeima.lv
"Butāns, Jānis",Jauno Konservatīvo frakcija,V,1978,Rīga,"Maģistrs, Ģeogrāfija (Latvijas Universitāte, 2003); Biznesa vadība, tūrisms (Vidzemes Augstskola, 2001)",Jaunā konservatīvā partija,Jaunā konservatīva partija,"Apstiprināts uz laiku, kamēr ministra pienākumus pilda deputāti, kuri ievēlēti no Jaunās konservatīvās partijas Rīgas vēlēšanu apgabala kandidātu saraksta",https://titania.saeima.lv/personal/deputati/saeima13_depweb_public.nsf/0/38E1E2C23DB5243FC22583320029E49E?OpenDocument&lang=LV,Janis.Butans@saeima.lv
"Čakša, Anda",Pie frakcijām nepiederošie deputāti,S,1974,"Inčukalns, Inčukalna pagasts","Tālākizglītības fakultātes mācību programma ""Psihodinamiskā psihoterapija (Rīgas Stradiņa universitāte, 2010); MBA veselības aprūpes vadība (Rīgas Starptautiskā ekonomikas un biznesa administrācijas augstskola, 2007); Specializācija anestezioloģijas un intensīvās terapijas specialitātē (Rīgas Stradiņa universitāte, 2002); FRezidentūra pediatrijā (Rīgas Stradiņa universitāte, 2002); Ārsts (Latvijas Medicīnas akadēmija, 1999)",Vienotība,Zaļo un Zemnieku Savienība,Pilntiesīgs mandāts,https://titania.saeima.lv/personal/deputati/saeima13_depweb_public.nsf/0/1103B707673565DDC22583320029E529?OpenDocument&lang=LV,Anda.Caksa@saeima.lv
"Cielēns, Jānis",Jauno Konservatīvo frakcija,V,1986,"Beverīnas novads, Kauguru pagasts","Vadībzinātne (Latvijas Universitāte, 2009)",Jaunā konservatīvā partija,Jaunā konservatīva partija,"Apstiprināts uz laiku, kamēr ministra pienākumus pilda deputāti, kuri ievēlēti no Jaunās konservatīvās partijas Vidzemes vēlēšanu apgabala kandidātu saraksta",https://titania.saeima.lv/personal/deputati/saeima13_depweb_public.nsf/0/EA0B229DAFFF5EB9C22583320029E584?OpenDocument&lang=LV,Janis.Cielens@saeima.lv
"Cilevičs, Boriss",Saskaņa,V,1956,Rīga,"Maģistra grāds fizikā (Latvijas Universitāte, 1993); Fizikas specialitāte (Latvijas Valsts universitāte, 1978)",Saskaņa,Saskaņa,Pilntiesīgs mandāts,https://titania.saeima.lv/personal/deputati/saeima13_depweb_public.nsf/depArchive.html?ReadForm&unid=4C414288345F4DDDC22583320029E45E&url=./0/4C414288345F4DDDC22583320029E45E?OpenDocument&lang=LV,Boriss.Cilevics@saeima.lv
"Daudze, Gundars",Zaļo un Zemnieku Savienība,V,1965,Ventspils,"Internatūra anestezioloģijā un reanimatoloģijā. Anesteziologs - reanimatologs (Republikas bērnu klīniskā slimnīca, 1990); Ārsts - pediatrs (Rīgas Medicīnas institūts, 1989); Vispārējā (Rīgas 49. vidusskola, 1983)",Latvijai un Ventspilij,Zaļo un Zemnieku Savienība,Pilntiesīgs mandāts,https://titania.saeima.lv/personal/deputati/saeima13_depweb_public.nsf/depArchive.html?ReadForm&unid=AF9F7174318A6023C22583320029E3C6&url=./0/AF9F7174318A6023C22583320029E3C6?OpenDocument&lang=LV,Gundars.Daudze@saeima.lv
"Dolgopolovs, Sergejs",Saskaņa,V,1941,Rīga,"Ķīmijas fakultāte, aspirantūra,ķīmijas tehnoloģijas procesi un aparāti (Rīgas Politehniskais institūts, 1969); Ķīmijas fakultāte, inženieris tehnologs (Rīgas Politehniskais institūts, 1963); Vidējā izglītība (Rīgas 23. vidusskola, 1958)",Saskaņa,Saskaņa,Pilntiesīgs mandāts,https://titania.saeima.lv/personal/deputati/saeima13_depweb_public.nsf/depArchive.html?ReadForm&unid=6E80576A8814C7E0C22583320029E55A&url=./0/6E80576A8814C7E0C22583320029E55A?OpenDocument&lang=LV,Sergejs.Dolgopolovs@saeima.lv
"Dombrava, Jānis",Nacionāla Apvienība VL-TB/LNNK,V,1988,Rīga,"Bakalaura grāds vēsturē (Latvijas Universitāte, 2010)",Nacionāla Apvienība VL-TB/LNNK,Nacionālā apvienība VL-TB/LNNK,Pilntiesīgs mandāts,https://titania.saeima.lv/personal/deputati/saeima13_depweb_public.nsf/depArchive.html?ReadForm&unid=10820A970C373806C22583320029E5D0&url=./0/10820A970C373806C22583320029E5D0?OpenDocument&lang=LV,Janis.Dombrava@saeima.lv
"Dombrovskis, Vjačeslavs",Pie frakcijām nepiederošie deputāti,V,1977,"Garkalnes novads, Sunīši","Valsts finanses un ekonometrija, doktora grāds ekonomikā (Klarka Universitāte (ASV), 2003); Maģistra grāds ekonomikā (Klarka Universitāte (ASV), 2001); Bakalaura grāds ekonomikā un finansēs (Latvijas Universitāte, 1999)",,Saskaņa,Pilntiesīgs mandāts,https://titania.saeima.lv/personal/deputati/saeima13_depweb_public.nsf/depArchive.html?ReadForm&unid=736E04018447AEA1C22583320029E442&url=./0/736E04018447AEA1C22583320029E442?OpenDocument&lang=LV,Vjačeslavs.Dombrovskis@saeima.lv
"Dūklavs, Jānis",Zaļo un Zemnieku Savienība,V,1952,"Jaunpiebalgas novads, Jaunpiebalga","Inženieris- mežkopis, maģistra grāds (Latvijas Lauksaimniecības akadēmija, 1976)",,Zaļo un Zemnieku Savienība,Pilntiesīgs mandāts,https://titania.saeima.lv/personal/deputati/saeima13_depweb_public.nsf/depArchive.html?ReadForm&unid=54ED10B72BF59C6FC22583320029E43E&url=./0/54ED10B72BF59C6FC22583320029E43E?OpenDocument&lang=LV,Janis.Duklavs@saeima.lv
"Dūrītis, Ilmārs",Attīstībai/Par!,V,1976,Jelgava,"Zinātņu doktora grāds, Veterinārmedicīna (Latvijas Lauksaimniecības universitāte, 2010); Maģistra grāds, Veterinārmedicīna (Latvijas Lauksaimniecības universitāte, 2003); Veterinārārsts (Latvijas Lauksaimniecības universitāte, 2000)",Kustība Par!,Attīstībai/Par!,Pilntiesīgs mandāts,https://titania.saeima.lv/personal/deputati/saeima13_depweb_public.nsf/0/3B9C992573617919C22583320029E622?OpenDocument&lang=LV,Ilmars.Duritis@saeima.lv
"Dzintars, Raivis",Nacionāla Apvienība VL-TB/LNNK,V,1982,Sigulda,"Politologs (Latvijas Universitāte, 2010)",Nacionāla Apvienība VL-TB/LNNK,Nacionālā apvienība VL-TB/LNNK,Pilntiesīgs mandāts,https://titania.saeima.lv/personal/deputati/saeima13_depweb_public.nsf/depArchive.html?ReadForm&unid=BB26E547129E6E20C22583320029E5D2&url=./0/BB26E547129E6E20C22583320029E5D2?OpenDocument&lang=LV,Raivis.Dzintars@saeima.lv
"Eglītis, Gatis",Jauno Konservatīvo frakcija,V,1978,"Engures novads, Plieņciems","Maģistra grāds starptautiskajās attiecībās (Vīnes Diplomātijas akadēmija, 2003); Starptautiskās attiecības (Džona Hopkinsa universitāte, Boloņa, 2002); Bakalaura grāds ekonomikā (Rīgas Ekonomikas augstskola, 2000)",Jaunā konservatīvā partija,Jaunā konservatīva partija,Pilntiesīgs mandāts,https://titania.saeima.lv/personal/deputati/saeima13_depweb_public.nsf/0/AF3AE27555B8DCABC22583320029E48F?OpenDocument&lang=LV,Gatis.Eglitis@saeima.lv
"Feldmans, Krišjānis",Jauno Konservatīvo frakcija,V,1985,Rīga,"Profesionālā maģistra grāds uzņēmumu un organizāciju vadīšanā (Banku augstskola, 2009); Profesionālā bakalaura grāds uzņēmējdarbības vadīšanā, kvalifikācija - uzņēmuma vadītājs (Banku augstskola, 2007); 1. līmeņa profesionālā augstākā izglītība, kvalifikācija - uzņēmējdarbības speciālists (Banku augstskola, 2005)",Jaunā konservatīvā partija,Jaunā konservatīva partija,Pilntiesīgs mandāts,https://titania.saeima.lv/personal/deputati/saeima13_depweb_public.nsf/0/D7E480BC46413BA2C22583320029E639?OpenDocument&lang=LV,Krisjanis.Feldmans@saeima.lv
"Geidāns, Aivars",KPV LV,V,1985,"Jelgavas novads, Jaunsvirlaukas pagasts","Bakalaura grāds, starptautiskā tūrisma vadība (Biznesa augstskola Turība, 2017); Mazumtirdzniecības komercdarbinieks (Rīgas Tirdzniecības tehnikums, 2004)",Par cilvēcīgu Latviju,KPV LV,"Apstiprināts uz laiku, kamēr ministra pienākumus pilda deputāti, kuri ievēlēti no partijas “KPV LV” Zemgales vēlēšanu apgabala kandidātu saraksta",https://titania.saeima.lv/personal/deputati/saeima13_depweb_public.nsf/0/F2075094A989CDCFC22583320029E66A?OpenDocument&lang=LV,Aivars.Geidans@saeima.lv
"Ģirģens, Kaspars",KPV LV,V,1985,Jēkabpils,"Profesionālais maģistra grāds uzņēmumu un organizāciju vadīšanā (Banku Augstskola, 2012); Profesionālais bakalaura grāds uzņēmējdarbības vadībā (Biznesa augstskola Turība, 2009); Profesionālais bakalaura grāds mārketinga menedžmentā (Roskildes Biznesa koledža, 2008); Komercdarbinieks (Jēkabpils Agrobiznesa koledža, 2005); ",Par cilvēcīgu Latviju,KPV LV,Pilntiesīgs mandāts,https://titania.saeima.lv/personal/deputati/saeima13_depweb_public.nsf/0/87DF0FBB4E220BAAC22583320029E666?OpenDocument&lang=LV,Kaspars.Girgens@saeima.lv
"Gobzems, Aldis",Pie frakcijām nepiederošie deputāti,V,1978,Rīga,"Jurists, maģistra grāds (Latvijas Universitāte, 2003); Jurists, bakalaura grāds (Latvijas Universitāte, 2002)",Likums un kārtība,KPV LV,Pilntiesīgs mandāts,https://titania.saeima.lv/personal/deputati/saeima13_depweb_public.nsf/0/AA7771F3E3A7284FC22583320029E51D?OpenDocument&lang=LV,Aldis.Gobzems@saeima.lv
"Goldberga, Inga",Saskaņa,S,1966,"Krāslavas novads, Krāslava","Arhitektūra (Rīgas Tehniskā universitāte, 1990)",Saskaņa,Saskaņa,Pilntiesīgs mandāts,https://titania.saeima.lv/personal/deputati/saeima13_depweb_public.nsf/0/45C5A1EB96613431C22583320029E3D0?OpenDocument&lang=LV,Inga.Goldberga@saeima.lv
"Golubeva, Marija",Attīstībai/Par!,S,1973,Rīga,"Zinātņu doktora grāds (Kembridžas universitāte, 2000); Maģistra grāds vēsturē (Centrālās Eiropas universitāte, 1995); Bakalaura grāds angļu filoloģijā (Latvijas Universitāte, 1994)",Kustība Par!,Attīstībai/Par!,Pilntiesīgs mandāts,https://titania.saeima.lv/personal/deputati/saeima13_depweb_public.nsf/0/D02DF40971ABF54EC22583320029E476?OpenDocument&lang=LV,Marija.Golubeva@saeima.lv
"Iesalnieks, Jānis",Nacionāla Apvienība VL-TB/LNNK,V,1984,Ventspils,"Jurists (Latvijas Universitāte, 2007)",Nacionāla Apvienība VL-TB/LNNK,Nacionālā apvienība VL-TB/LNNK,"Apstiprināts uz laiku, kamēr ministra pienākumus pilda deputāti, kuri ievēlēti no Nacionālā apvienības VL-TB/LNNK Rīgas vēlēšanu apgabala kandidātu saraksta",https://titania.saeima.lv/personal/deputati/saeima13_depweb_public.nsf/0/D1518D23FFF7B5BBC22583320029E4E7?OpenDocument&lang=LV,Janis.Iesalnieks@saeima.lv
"Ikstena, Inese",Attīstībai/Par!,S,1968,Jūrmala,"Maģistra grāds, Uzņēmumu un iestāžu vadītāja (Biznesa augstskola ""Turība"", 2014); Bakalaura grāds, Ekonomika (Latvijas lauksaimniecības universitāte, 2002)",Latvijas attīstībai,Attīstībai/Par!,Pilntiesīgs mandāts,https://titania.saeima.lv/personal/deputati/saeima13_depweb_public.nsf/0/888F12D8992DFFA3C22583320029E56B?OpenDocument&lang=LV,Inese.Ikstena@saeima.lv
"Indriksone, Ilze",Nacionāla Apvienība VL-TB/LNNK,S,1974,"Talsu novads, Laidzes pagasts","Maģistra grāds vides pārvaldībā (Latvijas Universitāte, 2001); Videssaimniecības specialitāte (Latvijas Lauksaimniecības univeristāte, 1998)",Nacionāla Apvienība VL-TB/LNNK,Nacionālā apvienība VL-TB/LNNK,Pilntiesīgs mandāts,https://titania.saeima.lv/personal/deputati/saeima13_depweb_public.nsf/0/77621DC5904D27DFC22583320029E3A9?OpenDocument&lang=LV,Ilze.Indriksone@saeima.lv
"Jalinska, Janīna",Zaļo un Zemnieku Savienība,S,1958,"Daugavpils novads, Līksnas pagasts","Juriste (Sociālo tehnoloģiju augstskola, 2002)",Daugavpils novada partija,Zaļo un Zemnieku Savienība,Pilntiesīgs mandāts,https://titania.saeima.lv/personal/deputati/saeima13_depweb_public.nsf/0/96FF6B2CA1C6A183C22583320029E434?OpenDocument&lang=LV,Janina.Jalinska@saeima.lv
"Jansons, Ritvars",Nacionāla Apvienība VL-TB/LNNK,V,1968,"Kandavas novads, Kandava","Vēstures doktora zinātniskais grāds Latvijas vēsturē (Latvijas Universitāte, 2003); Sociālo zinātņu maģistra grāds politikas zinātnē (Latvijas Universitāte, 2003); Vēsturnieks, vēstures pasniedzējs (Latvijas Universitāte, 1993)",Nacionāla Apvienība VL-TB/LNNK,Nacionālā apvienība VL-TB/LNNK,Pilntiesīgs mandāts,https://titania.saeima.lv/personal/deputati/saeima13_depweb_public.nsf/depArchive.html?ReadForm&unid=64B647EDF8A8133DC22583320029E4DD&url=./0/64B647EDF8A8133DC22583320029E4DD?OpenDocument&lang=LV,Ritvars.Jansons@saeima.lv
"Judins, Andrejs",Jaunā Vienotība,V,1970,Jūrmala,"Jurists (Latvijas Universitāte, 1993)",Vienotība,Jaunā Vienotība,Pilntiesīgs mandāts,https://titania.saeima.lv/personal/deputati/saeima13_depweb_public.nsf/depArchive.html?ReadForm&unid=8487FA389DF1B924C22583320029E4B6&url=./0/8487FA389DF1B924C22583320029E4B6?OpenDocument&lang=LV,Andrejs.Judins@saeima.lv
"Jurašs, Juris",Jauno Konservatīvo frakcija,V,1975,Rīga,"Maģistra grāds tiesību zinātnē (Latvijas Policijas akadēmija, 2007); Bakalaura grāds tiesību zinātnē (Latvijas Policijas akadēmija, 1999)",Jaunā konservatīvā partija,Jaunā konservatīva partija,Pilntiesīgs mandāts,https://titania.saeima.lv/personal/deputati/saeima13_depweb_public.nsf/0/79BEC648723DFA08C22583320029E385?OpenDocument&lang=LV,Juris.Jurass@saeima.lv
"Kabanovs, Nikolajs",Saskaņa,V,1970,Rīga,"Vidējā izglītība (Rīgas 43. vidusskola, 1987)",Saskaņa,Saskaņa,Pilntiesīgs mandāts,https://titania.saeima.lv/personal/deputati/saeima13_depweb_public.nsf/depArchive.html?ReadForm&unid=F483A271BEEB13BFC22583320029E456&url=./0/F483A271BEEB13BFC22583320029E456?OpenDocument&lang=LV,Nikolajs.Kabanovs@saeima.lv
"Kaimiņš, Artuss",Pie frakcijām nepiederošie deputāti,V,1980,Mežciems,"Kino un dramatiskā teātra aktieris,Bakalaura grāds mākslās (Latvijas Kultūras akadēmija, 2003)",Par cilvēcīgu Latviju,KPV LV,Pilntiesīgs mandāts,https://titania.saeima.lv/personal/deputati/saeima13_depweb_public.nsf/depArchive.html?ReadForm&unid=6A08FAF1ED0F58A9C22583320029E501&url=./0/6A08FAF1ED0F58A9C22583320029E501?OpenDocument&lang=LV,Artuss.Kaimins@saeima.lv
"Kalniņš, Ojārs Ēriks",Jaunā Vienotība,V,1949,Rīga,"Filozofija (Rūzvelta Universitāte, ASV, Čikāgā, 1972)",Vienotība,Jaunā Vienotība,Pilntiesīgs mandāts,https://titania.saeima.lv/personal/deputati/saeima13_depweb_public.nsf/depArchive.html?ReadForm&unid=ECBB16485DD655ADC22583320029E4C7&url=./0/ECBB16485DD655ADC22583320029E4C7?OpenDocument&lang=LV,Ojars.Kalnins@saeima.lv
"Kazinovskis, Andris",Pie frakcijām nepiederošie deputāti,V,1959,"Viļakas novads, Peisi, Susāju pagasts","Inženieris - mehāniķis (Latvijas Lauksaimniecības akadēmija, 1982)",,Jaunā konservatīva partija,"Apstiprināts uz laiku, kamēr ministra pienākumus pilda deputāti, kuri ievēlēti no Jaunās konservatīvās partijas Latgales vēlēšanu apgabala kandidātu saraksta",https://titania.saeima.lv/personal/deputati/saeima13_depweb_public.nsf/0/2F6931257524A790C22583320029E3FB?OpenDocument&lang=LV,Andris.Kazinovskis@saeima.lv
"Kiršteins, Aleksandrs",Nacionāla Apvienība VL-TB/LNNK,V,1948,Rīga,"Arhitektūra (Rīgas Politehniskais Institūts, 1972)",Nacionāla Apvienība VL-TB/LNNK,Nacionālā apvienība VL-TB/LNNK,Pilntiesīgs mandāts,https://titania.saeima.lv/personal/deputati/saeima13_depweb_public.nsf/depArchive.html?ReadForm&unid=781C010D8AE2F232C22583320029E4E8&url=./0/781C010D8AE2F232C22583320029E4E8?OpenDocument&lang=LV,Aleksandrs.Kirsteins@saeima.lv
"Klementjevs, Andrejs",Saskaņa,V,1973,Rīga,"Sociālo zinātņu maģistra grāds sabiedrības vadībā (Latvijas Universitāte, 2011); Ekonomikas zinātņu bakalaura grāds (Rīgas Aviācijas universitāte, 1998)",Saskaņa,Saskaņa,Pilntiesīgs mandāts,https://titania.saeima.lv/personal/deputati/saeima13_depweb_public.nsf/depArchive.html?ReadForm&unid=C4BA4374C797ABEAC22583320029E45D&url=./0/C4BA4374C797ABEAC22583320029E45D?OpenDocument&lang=LV,Andrejs.Klementjevs@saeima.lv
"Klementjevs, Ivans",Saskaņa,V,1960,Rīga,"Pedagoģijas doktora zinātniskais grāds (Latvijas Sporta Pedagoģijas akadēmija, 1993); Fiziskās audzināšanas pasniedzējs (Latvijas Valsts Fiziskās kultūras institūts, 1985)",Saskaņa,Saskaņa,Pilntiesīgs mandāts,https://titania.saeima.lv/personal/deputati/saeima13_depweb_public.nsf/depArchive.html?ReadForm&unid=846198AFA25CA915C22583320029E455&url=./0/846198AFA25CA915C22583320029E455?OpenDocument&lang=LV,Ivans.Klementjevs@saeima.lv
"Kols, Rihards",Nacionāla Apvienība VL-TB/LNNK,V,1984,"Carnikavas novads, Carnikava","Starptautiskā diplomātija (Vestminsteres Universitāte, 2010); Juriskonsults (Biznesa augstskola ""Turība"", 2008); Vispārējā vidējā (Rīgas Komercģimnāzija, 2003); Pamata (Rīgas Valsts 2. ģimnāzija, 2000)",Nacionāla Apvienība VL-TB/LNNK,Nacionālā apvienība VL-TB/LNNK,Pilntiesīgs mandāts,https://titania.saeima.lv/personal/deputati/saeima13_depweb_public.nsf/depArchive.html?ReadForm&unid=04507B29A37E77E9C22583320029E4D9&url=./0/04507B29A37E77E9C22583320029E4D9?OpenDocument&lang=LV,Rihards.Kols@saeima.lv
"Kozlovskis, Rihards",Jaunā Vienotība,V,1969,Jūrmala,"Jurists (Latvijas Universitāte, 2004); Sporta pedagogs (Latvijas Sporta pedagoģijas akadēmija, 1993)",Vienotība,Jaunā Vienotība,"Apstiprināts uz laiku, kamēr ministra pienākumus pilda deputāti, kuri ievēlēti no partijas Jaunā Vienotība Rīgas vēlēšanu apgabala kandidātu saraksta",https://titania.saeima.lv/personal/deputati/saeima13_depweb_public.nsf/depArchive.html?ReadForm&unid=AB22DC16A65B017BC22583320029E4B3&url=./0/AB22DC16A65B017BC22583320029E4B3?OpenDocument&lang=LV,Rihards.Kozlovskis@saeima.lv
"Krapāne, Ieva",KPV LV,S,1981,Ogre,"Pirmsskolas izgītības skolotājs (Rīgas pedagoģijas un izglītības vadības augstskola, 2008); Sākumskolas skolotājs ar tiesībām mācīt sociālās zinības (Rīgas pedagoģijas un izglītības vadības augstskola, 2005); Vidējā izglītība (Smiltenes ģimnāzija, 2000)",Par cilvēcīgu Latviju,KPV LV,Pilntiesīgs mandāts,https://titania.saeima.lv/personal/deputati/saeima13_depweb_public.nsf/0/B48D838E757C9447C22583320029E5E4?OpenDocument&lang=LV,Ieva.Krapane@saeima.lv
"Krauze, Armands",Zaļo un Zemnieku Savienība,V,1970,"Krimuldas novads, Krimuldas pagasts","Agronoms (Latvijas Lauksaimniecības universitāte, 1996); Biškopis (Vecbebru tehnikums, 1988)",Latvijas Zemnieku savienība,Zaļo un Zemnieku Savienība,Pilntiesīgs mandāts,https://titania.saeima.lv/personal/deputati/saeima13_depweb_public.nsf/depArchive.html?ReadForm&unid=1615235FD59207F3C22583320029E5FD&url=./0/1615235FD59207F3C22583320029E5FD?OpenDocument&lang=LV,Armands.Krauze@saeima.lv
"Krišāns, Jānis",Saskaņa,V,1960,Rēzekne,"Sociālo zinātņu maģistra vadības zinātnē akadēmiskais grāds (Rēzeknes Augstskola, 2003); Ekonomista kvalifikācija komercpakalpojumu vadībā (Rēzeknes Augstskola, 2001)",Saskaņa,Saskaņa,Pilntiesīgs mandāts,https://titania.saeima.lv/personal/deputati/saeima13_depweb_public.nsf/0/13AE9BD5C9F87294C22583320029E3D6?OpenDocument&lang=LV,Janis.Krisans@saeima.lv
"Kronbergs, Edgars",KPV LV,V,1983,"Saldus novads, Šķēdes pagasts","Dabaszinātņu bakalaura grāds (Latvijas Universitāte, 2007)",Par cilvēcīgu Latviju,KPV LV,"Apstiprināts uz laiku, kamēr ministra pienākumus pilda deputāti, kuri ievēlēti no partijas “KPV LV” Kurzemes vēlēšanu apgabala kandidātu saraksta",https://titania.saeima.lv/personal/deputati/saeima13_depweb_public.nsf/0/C5D17E5A452413C4C22583320029E3B8?OpenDocument&lang=LV,Edgars.Kronbergs@saeima.lv
"Kucins, Edgars",Saskaņa,V,1973,"Daugavpils novads, Naujenes pagasts","Fiziskā audzināšana un ārstnieciskā fiziskā kultūra (Daugavpils pedagoģiskā universitāte, 1996)",Saskaņa,Saskaņa,Pilntiesīgs mandāts,https://titania.saeima.lv/personal/deputati/saeima13_depweb_public.nsf/0/B4B0F7ADBB8043BCC22583320029E3CD?OpenDocument&lang=LV,Edgars.Kucins@saeima.lv
"Kučinskis, Māris",Zaļo un Zemnieku Savienība,V,1961,"Strenču novads, Jercēnu pagasts","Ekonomists (Latvijas Valsts Universitāte, 1988); Vispārējā (Valmieras 4. vidusskola, 1980)",Liepājas partija,Zaļo un Zemnieku Savienība,Pilntiesīgs mandāts,https://titania.saeima.lv/personal/deputati/saeima13_depweb_public.nsf/depArchive.html?ReadForm&unid=29FABE476CCC27EEC22583320029E60B&url=./0/29FABE476CCC27EEC22583320029E60B?OpenDocument&lang=LV,Maris.Kucinskis@saeima.lv
"Kursīte-Pakule, Janīna",Nacionāla Apvienība VL-TB/LNNK,S,1952,Rīga,"Filoloģijas zinātņu doktore (Latvijas Universitāte, 1993); Filologs (Latvijas Universitāte, 1976)",Nacionāla Apvienība VL-TB/LNNK,Nacionālā apvienība VL-TB/LNNK,Pilntiesīgs mandāts,https://titania.saeima.lv/personal/deputati/saeima13_depweb_public.nsf/depArchive.html?ReadForm&unid=AD90D8A3E779103AC22583320029E3A4&url=./0/AD90D8A3E779103AC22583320029E3A4?OpenDocument&lang=LV,Janina.Kursite-Pakule@saeima.lv
"Kursīte, Janīna",KPV LV,S,1964,"Daugavpils novads, Višķu pagasts","Pedagoģija un psiholoģija (Daugavpils Universitāte, 2002); Dārzkopība (Latvijas Lauksaimniecības akadēmija, 1993); Dārzkopība (Bulduru sovhoztehnikums, 1983)",Par cilvēcīgu Latviju,KPV LV,Pilntiesīgs mandāts,https://titania.saeima.lv/personal/deputati/saeima13_depweb_public.nsf/depArchive.html?ReadForm&unid=0A7B729762AD91CDC22583320029E422&url=./0/0A7B729762AD91CDC22583320029E422?OpenDocument&lang=LV,Janina.Kursite@saeima.lv
"Latkovskis, Ainars",Jaunā Vienotība,V,1967,Sigulda,"Starptautiskās attiecības, Maģistrs grāds (Džordža Vašingtona Universitāte (Vašingtona, ASV), 1995); Vēsture (Latvijas Universitāte, 1993)",Vienotība,Jaunā Vienotība,Pilntiesīgs mandāts,https://titania.saeima.lv/personal/deputati/saeima13_depweb_public.nsf/depArchive.html?ReadForm&unid=A8C08A2980030E40C22583320029E5B5&url=./0/A8C08A2980030E40C22583320029E5B5?OpenDocument&lang=LV,ainars.latkovskis@saeima.lv
"Lejiņš, Atis",Jaunā Vienotība,V,1942,Rīga,"Goda doktors, Dr.cs.pol.h.c (Latvijas Zinātņu akadēmija, 2004); Goda doktors (Zviedrijas Karaliskā akadēmija, 1995); Maģistra grāds modernās Eiropas vēsturē un politikas zinātnē (Kalifornijas Universitāte (Losandželosā), 1968)",Vienotība,Jaunā Vienotība,"Apstiprināts uz laiku, kamēr ministra pienākumus pilda deputāti, kuri ievēlēti no partijas Jaunā VIENOTĪBA Zemgales vēlēšanu apgabala kandidātu saraksta",https://titania.saeima.lv/personal/deputati/saeima13_depweb_public.nsf/depArchive.html?ReadForm&unid=34DB44B91C0CEE13C22583320029E646&url=./0/34DB44B91C0CEE13C22583320029E646?OpenDocument&lang=LV,Atis.Lejins@saeima.lv
"Lībiņa-Egnere, Inese",Jaunā Vienotība,S,1977,Rīga,"Tiesību doktora zinātniskais grāds (Dr.iur.) (Latvijas Universitātes Juridiskā fakultāte, 2007); LL.M. grāds (Legum Magister) iegūts ar izcilību (Alberta-Ludviga-Universitātes Juridiskā fakultāte, 2002); Jurista kvalifikācija (Latvijas Universitātes Juridiskā fakultāte, 2001); Vidējā izglītība (Draudzīgā aicinājuma Liepājas pilsētas 5. vidusskola, 1996)",Vienotība,Jaunā Vienotība,Pilntiesīgs mandāts,https://titania.saeima.lv/personal/deputati/saeima13_depweb_public.nsf/depArchive.html?ReadForm&unid=094B636CDD3C074EC22583320029E5AD&url=./0/094B636CDD3C074EC22583320029E5AD?OpenDocument&lang=LV,Inese.Libina-Egnere@saeima.lv
"Ločmele, Regīna",Saskaņa,S,1966,Rīga,"Sociālo zinātņu maģistrs vadības zinātnē (Latvijas Universitāte, 2007); Starptautisko attiecību speciālists (Latvijas Universitāte, 1994); 	Žurnālists (Latvijas Universitāte, 1988); Vidējā izglītība (Rīgas 78. vidusskola, 1983)",Saskaņa,Saskaņa,Pilntiesīgs mandāts,https://titania.saeima.lv/personal/deputati/saeima13_depweb_public.nsf/depArchive.html?ReadForm&unid=2BD9A2B7E700ABFBC22583320029E452&url=./0/2BD9A2B7E700ABFBC22583320029E452?OpenDocument&lang=LV,Regina.Locmele@saeima.lv
"Mārtuža, Eva",Jauno Konservatīvo frakcija,S,1954,"Cēsu novads, Vaives pagasts, Rīdzene","Teoloģijas un reliģiju zinātņu maģistra grāds (Latvijas Universitāte, 2013); Sociālo zinātņu maģistra grāds (Latvijas Universitāte, 1978)",Jaunā konservatīvā partija,Jaunā konservatīva partija,"Apstiprināta uz laiku, kamēr ministra pienākumus pilda deputāti, kuri ievēlēti no Jaunās konservatīvās partijas Rīgas vēlēšanu apgabala kandidātu saraksta",https://titania.saeima.lv/personal/deputati/saeima13_depweb_public.nsf/0/74B107F24CD91730C22583320029E4A0?OpenDocument&lang=LV,Eva.Martuza@saeima.lv
"Medne, Linda",Jauno Konservatīvo frakcija,S,1968,Rīga,"Doktora zinātniskais grāds ekonomikā (LLU Ekonomikas fakultāte, 2010); Maģistra grāds ekonomikā (LU Ekonomikas fakultāte, Tautsaimniecības institūts, 2003); Sabiedriskās ēdināšanas inženieris - tehnologs (Latvijas Lauksaimniecības Akadēmija, Pārtikas Tehnoloģijas fakultāte, 1991)",Jaunā konservatīvā partija,Jaunā konservatīva partija,"Apstiprināta uz laiku, kamēr ministra pienākumus pilda deputāti, kuri ievēlēti no Jaunās konservatīvās partijas Rīgas vēlēšanu apgabala kandidātu saraksta",https://titania.saeima.lv/personal/deputati/saeima13_depweb_public.nsf/0/86700E4BF79E6255C22583320029E4AE?OpenDocument&lang=LV,Linda.Medne@saeima.lv
"Možvillo, Māris",KPV LV,V,1967,"Alojas novads, Alojas pagasts","Vidējā izglītība (Alojas Ausekļa vidusskola, 1986)",Par cilvēcīgu Latviju,KPV LV,Pilntiesīgs mandāts,https://titania.saeima.lv/personal/deputati/saeima13_depweb_public.nsf/0/2EA91F52206F8252C22583320029E5D7?OpenDocument&lang=LV,Maris.Mozvillo@saeima.lv
"Muižniece, Anita",Jauno Konservatīvo frakcija,S,1987,"Ķekavas novads, Dzintari","Profesionālais bakalaura grāds pedagoģijā (Latvijas Universitāte, 2018); Uzņēmējdarbība, kvalifikācija - uzņēmējdarbības speciālists (Rīgas Starptautiskā ekonomikas un biznesa administrācijas augstskola, 2010)",Jaunā konservatīvā partija,Jaunā konservatīva partija,Pilntiesīgs mandāts,https://titania.saeima.lv/personal/deputati/saeima13_depweb_public.nsf/0/95B57DB3169F51F9C22583320029E58F?OpenDocument&lang=LV,Anita.Muizniece@saeima.lv
"Mūrniece, Inara",Nacionāla Apvienība VL-TB/LNNK,S,1970,Rīga,"Tulkotāja (Latvijas Universitāte, 2009); Profesionālais bakalaura grāds tulkošanā (Ekonomikas un Kultūras augstskola, 2007)",Nacionāla Apvienība VL-TB/LNNK,Nacionālā apvienība VL-TB/LNNK,Pilntiesīgs mandāts,https://titania.saeima.lv/personal/deputati/saeima13_depweb_public.nsf/depArchive.html?ReadForm&unid=E4E48A8CD239B960C22583320029E5CD&url=./0/E4E48A8CD239B960C22583320029E5CD?OpenDocument&lang=LV,Inara.Murniece@saeima.lv
"Naudiņš, Romāns",Nacionāla Apvienība VL-TB/LNNK,V,1980,Valmiera,"Izziņas dienesta specializācija (Latvijas Policijas akadēmija, Policijas koledža, 2001)",Nacionāla Apvienība VL-TB/LNNK,Nacionālā apvienība VL-TB/LNNK,Pilntiesīgs mandāts,https://titania.saeima.lv/personal/deputati/saeima13_depweb_public.nsf/depArchive.html?ReadForm&unid=566EF11833880FF9C22583320029E5BE&url=./0/566EF11833880FF9C22583320029E5BE?OpenDocument&lang=LV,Romans.Naudins@saeima.lv
"Nemiro, Ralfs",KPV LV,V,1981,Jūrmala,"Jurists, maģistrs (Latvijas Universitāte, 2009)",,KPV LV,Pilntiesīgs mandāts,https://titania.saeima.lv/personal/deputati/saeima13_depweb_public.nsf/0/A4475BEC6D8A6B68C22583320029E66C?OpenDocument&lang=LV,Ralfs.Nemiro@saeima.lv
"Nikonovs, Vladimirs",Saskaņa,V,1955,Rēzekne,"Maģistra grāds, inženieris-mehāniķis (Rīgas Politehniskais institūts, 1977); Vidējā izglītība (Rēzeknes 2. vidusskola, 1972)",Saskaņa,Saskaņa,Pilntiesīgs mandāts,https://titania.saeima.lv/personal/deputati/saeima13_depweb_public.nsf/depArchive.html?ReadForm&unid=EEE9AB905648F5A7C22583320029E3D5&url=./0/EEE9AB905648F5A7C22583320029E3D5?OpenDocument&lang=LV,Vladimirs.Nikonovs@saeima.lv
"Orlovs, Vitālijs",Saskaņa,V,1964,Jēkabpils,"Neirologs (Latvijas Medicīnas akadēmija, 1993); Ārstniecības specialitāte (Latvijas Medicīnas akadēmija, 1991)",Saskaņa,Saskaņa,Pilntiesīgs mandāts,https://titania.saeima.lv/personal/deputati/saeima13_depweb_public.nsf/depArchive.html?ReadForm&unid=49A0CE0E2C6CF037C22583320029E614&url=./0/49A0CE0E2C6CF037C22583320029E614?OpenDocument&lang=LV,Vitalijs.Orlovs@saeima.lv
"Papule, Evija",Pie frakcijām nepiederošie deputāti,S,1964,Rīga,"Skolvadība (Rīgas Pedagoģijas un izglītības vadības augstskola, 1997); Latviešu valodas un literatūras skolotāja, krievu valodas un literatūras skolotāja kvalifikācija ar tiesībām strādāt minoritāšu skolā (Latvijas Universitāte, 1988)",,Saskaņa,Pilntiesīgs mandāts,https://titania.saeima.lv/personal/deputati/saeima13_depweb_public.nsf/0/9AE384DC3DF26240C22583320029E557?OpenDocument&lang=LV,Evija.Papule@saeima.lv
"Pimenovs, Igors",Saskaņa,V,1953,Rīga,"Ekonomists (otrā līmeņa profesionālā augstākā izglītība) (Latvijas Universitāte, 2007); Fiziķis (Latvijas Valsts universitāte, 1975)",Saskaņa,Saskaņa,Pilntiesīgs mandāts,https://titania.saeima.lv/personal/deputati/saeima13_depweb_public.nsf/depArchive.html?ReadForm&unid=CE9D2E3A1EDC54F5C22583320029E460&url=./0/CE9D2E3A1EDC54F5C22583320029E460?OpenDocument&lang=LV,Igors.Pimenovs@saeima.lv
"Pūce, Juris",Attīstībai/Par!,V,1980,Rīga,"Sociālo zinātņu maģistrs vadības zinātnē (Latvijas Universitāte, 2005); Sociālo zinātņu maģistrs tiesību zinātnē, (Latvijas Universitāte, 2003)",Latvijas attīstībai,Attīstībai/Par!,Pilntiesīgs mandāts,https://titania.saeima.lv/personal/deputati/saeima13_depweb_public.nsf/0/A403365B1A9F0CCAC22583320029E377?OpenDocument&lang=LV,Juris.Puce@saeima.lv
"Pucens, Ēriks",KPV LV,V,1986,Kurmāles pagasts,"Pavārs (Kuldīgas 78. arodviduskola, 2006)",Par cilvēcīgu Latviju,KPV LV,Pilntiesīgs mandāts,https://titania.saeima.lv/personal/deputati/saeima13_depweb_public.nsf/0/4480DE193DF835A3C22583320029E3AF?OpenDocument&lang=LV,Eriks.Pucens@saeima.lv
"Puga, Ivars",KPV LV,V,1960,Rīga,"Kino un teātra aktieris (Latvijas Valsts Konservatorija, 1986)",Par cilvēcīgu Latviju,KPV LV,Pilntiesīgs mandāts,https://titania.saeima.lv/personal/deputati/saeima13_depweb_public.nsf/0/18FFD7EC6B29B919C22583320029E519?OpenDocument&lang=LV,Ivars.Puga@saeima.lv
"Rancāns, Juris",Jauno Konservatīvo frakcija,V,1977,"Rēzeknes novads, Stružāni","Maģistra grāds, Politikas zinātne (Latvijas Universitāte, 2014); Maģistra grāds, Jurists (Latvijas Policijas akadēmija, 2002)",Jaunā konservatīvā partija,Jaunā konservatīva partija,Pilntiesīgs mandāts,https://titania.saeima.lv/personal/deputati/saeima13_depweb_public.nsf/0/3B129165BC5C8268C22583320029E3F5?OpenDocument&lang=LV,Juris.Rancans@saeima.lv
"Ribakovs, Ivans",Saskaņa,V,1960,Rēzekne,"Matemātikas un fizikas skolotājs (Daugavpils Pedagoģiskais institūts, 1982); Vidējā izglītība (Zarasu internātskola, 1977)",Saskaņa,Saskaņa,Pilntiesīgs mandāts,https://titania.saeima.lv/personal/deputati/saeima13_depweb_public.nsf/depArchive.html?ReadForm&unid=D7E5484DCB3482A3C22583320029E3D3&url=./0/D7E5484DCB3482A3C22583320029E3D3?OpenDocument&lang=LV,Ivans.Ribakovs@saeima.lv
"Rībena, Inguna",Pie frakcijām nepiederošie deputāti,S,1956,Rīga,"Arhitektūra (Rīgas Politehniskais institūts, 1980)",Nacionāla Apvienība VL-TB/LNNK,Nacionālā apvienība VL-TB/LNNK,Pilntiesīgs mandāts,https://titania.saeima.lv/personal/deputati/saeima13_depweb_public.nsf/depArchive.html?ReadForm&unid=5FDA3558612D689EC22583320029E65C&url=./0/5FDA3558612D689EC22583320029E65C?OpenDocument&lang=LV,Inguna.Ribena@saeima.lv
"Riekstiņš, Sandis",Jauno Konservatīvo frakcija,V,1979,Rīga,"Vidējā profesionālā izglītība (Rīgas Būvamatniecības vidusskola, 1999)",Jaunā konservatīvā partija,Jaunā konservatīva partija,Pilntiesīgs mandāts,https://titania.saeima.lv/personal/deputati/saeima13_depweb_public.nsf/0/238DAFFF1FD5EF77C22583320029E63A?OpenDocument&lang=LV,Sandis.Riekstins@saeima.lv
"Rubiks, Artūrs",Saskaņa,V,1970,Rīga,"Uzņēmējdarbības vadītājs (Baltijas Starptautiskā Akadēmija, 2014); Vidējā izglītība (Rīgas 21. vidusskola, 1987)",Latvijas sociālistiskā partija (LSP),Saskaņa,Pilntiesīgs mandāts,https://titania.saeima.lv/personal/deputati/saeima13_depweb_public.nsf/depArchive.html?ReadForm&unid=F765C39D54CF8FAAC22583320029E45F&url=./0/F765C39D54CF8FAAC22583320029E45F?OpenDocument&lang=LV,Arturs.Rubiks@saeima.lv
"Rukšāne-Ščipčinska, Dace",Attīstībai/Par!,S,1969,"Pārgaujas novads, Stalbes pagasts","Vispārējā (Rīgas 50. vidusskola, 1987)",Latvijas attīstībai,Attīstībai/Par!,Pilntiesīgs mandāts,https://titania.saeima.lv/personal/deputati/saeima13_depweb_public.nsf/0/AA7B91C34C669746C22583320029E571?OpenDocument&lang=LV,Dace.Ruksane@saeima.lv
"Skride, Andris",Attīstībai/Par!,V,1982,Rīga,"Zinātņu doktora grāds medicīnā (Rīgas Stradiņa universitāte, 2018); Ārsts kardiologs (Latvijas Universitāte, 2011); Ārsts internists (Latvijas Universitāte, 2009); Ārsts (Rīgas Stradiņa universitāte, 2006)",Politiskā partija Izaugsme,Attīstībai/Par!,Pilntiesīgs mandāts,https://titania.saeima.lv/personal/deputati/saeima13_depweb_public.nsf/0/53B4E4BA43BC85DDC22583320029E573?OpenDocument&lang=LV,Andris.Skride@saeima.lv
"Šmits, Didzis",Pie frakcijām nepiederošie deputāti,V,1975,Rīga,"Maģistra grāds starptautisko organizāciju diplomātijā (Parīzes 11. Universitāte, 2000); Politikas zinātnes bakalaura grāds starptautiskajās attiecībās (Latvijas Universitāte, 1998)",,KPV LV,Pilntiesīgs mandāts,https://titania.saeima.lv/personal/deputati/saeima13_depweb_public.nsf/0/B1EB56D4E58F2AA6C22583320029E514?OpenDocument&lang=LV,Didzis.Smits@saeima.lv
"Šnore, Edvīns",Nacionāla Apvienība VL-TB/LNNK,V,1974,Rīga,"Vēstures doktors (Latvijas Universitāte, 2013); Politikas zinātnes maģistrs starptautiskajās attiecībās (Latvijas Universitāte, 1998)",Nacionāla Apvienība VL-TB/LNNK,Nacionālā apvienība VL-TB/LNNK,Pilntiesīgs mandāts,https://titania.saeima.lv/personal/deputati/saeima13_depweb_public.nsf/depArchive.html?ReadForm&unid=F501B4C572534D28C22583320029E65D&url=./0/F501B4C572534D28C22583320029E65D?OpenDocument&lang=LV,Edvins.Snore@saeima.lv
"Sprūde, Karina",Pie frakcijām nepiederošie deputāti,S,1988,Ādaži,"Maģistra grāds muitas un nodokļu administrēšanā (Rīgas Tehniskā universitāte, 2013); Bakalaura grāds muitas un nodokļu administrēšanā, nodokļu ekonomista kvalifikācija (Rīgas Tehniskā universitāte, 2011)",Likums un kārtība,KPV LV,Pilntiesīgs mandāts,https://titania.saeima.lv/personal/deputati/saeima13_depweb_public.nsf/0/01FAA34AD99A6953C22583320029E5D6?OpenDocument&lang=LV,Karina.Sprude@saeima.lv
"Šteins, Mārtiņš",Attīstībai/Par!,V,1992,"Amatas novads, Nītaures pagasts","Sociālo zinātņu maģistra grāds vadībzinātnē (Latvijas Universitāte, 2016); Sociālo zinātņu bakalaura grāds tiesību zinātnē (Latvijas Universitāte, 2014)",Kustība Par!,Attīstībai/Par!,"Apstiprināts uz laiku, kamēr ministra pienākumus pilda deputāti, kuri ievēlēti no partijas Attīstībai/Par! Vidzemes vēlēšanu apgabala kandidātu saraksta",https://titania.saeima.lv/personal/deputati/saeima13_depweb_public.nsf/0/96CFEDF18CAB9231C22583320029E566?OpenDocument&lang=LV,Martins.Smits@saeima.lv
"Stepaņenko, Jūlija",Pie frakcijām nepiederošie deputāti,S,1977,Rīga,"Tiesību zinātne (Latvijas Universitāte, 2001); Vidējā izglītība (Rīgas Centra humanitārā ģimnāzija, 1996)",Likums un kārtība,Saskaņa,Pilntiesīgs mandāts,https://titania.saeima.lv/personal/deputati/saeima13_depweb_public.nsf/depArchive.html?ReadForm&unid=462575B6023E7DC7C22583320029E447&url=./0/462575B6023E7DC7C22583320029E447?OpenDocument&lang=LV,Julija.Stepanenko@saeima.lv
"Švecova, Ļubova",Pie frakcijām nepiederošie deputāti,S,1970,Rīga,"Sociālo zinātņu maģistra grāds ekonomikā (Latvijas Universitāte, 2004); Maģistra grāds tiesību zinātnēs (Latvijas Universitāte, 1995)",Likums un kārtība,Saskaņa,Pilntiesīgs mandāts,https://titania.saeima.lv/personal/deputati/saeima13_depweb_public.nsf/0/736F9A5C98593FEAC22583320029E44D?OpenDocument&lang=LV,Lubova.Svecova@saeima.lv
"Tavars, Edgars",Zaļo un Zemnieku Savienība,V,1982,Rīga,"Maģistra grāds, Inovācijas ekonomikā (Banku augstskola, 2012); Bakalaura grāds ekonomikā, uzņēmumu un iestāžu vadītājs (Rīgas Pedagoģijas un izglītības vadības akadēmija, 2010)",Latvijas Zaļā partija,Zaļo un Zemnieku Savienība,Pilntiesīgs mandāts,https://titania.saeima.lv/personal/deputati/saeima13_depweb_public.nsf/0/B292BDDBDD70A1EDC22583320029E53E?OpenDocument&lang=LV,Edgars.Tavars@saeima.lv
"Teirumnieks, Edmunds",Nacionāla Apvienība VL-TB/LNNK,V,1977,Rēzekne,"Inženierzinātņu doktors ķīmijas inženierzinātnē (Rīgas Tehniskā universitāte, 2007); Inženierzinātņu maģistrs ķīmijā (Rīgas Tehniskā universitāte, 2003); Bakalaurs vides zinātnēs (Rēzeknes Augstskola, 2000)",Nacionāla Apvienība VL-TB/LNNK,Nacionālā apvienība VL-TB/LNNK,Pilntiesīgs mandāts,https://titania.saeima.lv/personal/deputati/saeima13_depweb_public.nsf/0/E85287524F84DE45C22583320029E417?OpenDocument&lang=LV,Edmunds.Teirumnieks@saeima.lv
"Tērauda, Vita Anda",Attīstībai/Par!,S,1962,Rīga,"Maģistra grāds, Starptautiskā ekonomika un PSRS politika (Džons Hopkins Universitāte, 1990); Bakalaura grāds, Starptautiskās attiecības (Amerikas Universitāte, 1983)",Kustība Par!,Attīstībai/Par!,Pilntiesīgs mandāts,https://titania.saeima.lv/personal/deputati/saeima13_depweb_public.nsf/0/F928C23B8A9B4811C22583320029E483?OpenDocument&lang=LV,Vita.Anda.Terauda@saeima.lv
"Tutins, Jānis",Saskaņa,V,1966,Rēzekne,"Bakalaura grāds biznesa administrācijā (Ņūportas Starptautiskā Universitāte, 2006); Feldšeris (Rīgas 4. medicīnas skola, 1985)",Saskaņa,Saskaņa,Pilntiesīgs mandāts,https://titania.saeima.lv/personal/deputati/saeima13_depweb_public.nsf/depArchive.html?ReadForm&unid=B95E73AE3D8BBE20C22583320029E3D4&url=./0/B95E73AE3D8BBE20C22583320029E3D4?OpenDocument&lang=LV,Janis.Tutins@saeima.lv
"Urbanovičs, Jānis",Saskaņa,V,1959,"Rēzeknes novads, Verēmu pagasts","Inženieris - hidrotehniķis (Maģistra grāds) (Latvijas Lauksaimniecības akadēmija, 1982)",Saskaņa,Saskaņa,Pilntiesīgs mandāts,https://titania.saeima.lv/personal/deputati/saeima13_depweb_public.nsf/depArchive.html?ReadForm&unid=C7A852119E61AFD9C22583320029E45C&url=./0/C7A852119E61AFD9C22583320029E45C?OpenDocument&lang=LV,Janis.Urbanovics@saeima.lv
"Valainis, Viktors",Zaļo un Zemnieku Savienība,V,1986,Jelgava,"Profesionālais maģistra grāds, būvuzņēmējdarbībā un nekustamā īpašuma vadībā (Rīgas Tehniskā universitāte, 2011); Profesionālais bakalaura grāds nekustamā īpašuma pārvaldībā un nekustamā īpašuma ekonomista kvalifikācija (Rīgas Tehniskā universitāte, 2009); Vispārējā (Jelgavas Valsts ģimnāzija, 2005)",Latvijas Zemnieku savienība,Zaļo un Zemnieku Savienība,Pilntiesīgs mandāts,https://titania.saeima.lv/personal/deputati/saeima13_depweb_public.nsf/depArchive.html?ReadForm&unid=37EF19346F1C2181C22583320029E67A&url=./0/37EF19346F1C2181C22583320029E67A?OpenDocument&lang=LV,Viktors.Valainis@saeima.lv
"Voika, Inese",Attīstībai/Par!,S,1970,Rīga,"Maģistrs sabiedrības vadībā ar specializāciju līderībā (Hārvarda Universitāte, 2005); Sociālo zinātņu bakalaurs komunikācijas zinātnē (Latvijas Universitāte, 2005)",Kustība Par!,Attīstībai/Par!,Pilntiesīgs mandāts,https://titania.saeima.lv/personal/deputati/saeima13_depweb_public.nsf/0/150F9D41CC7E2D61C22583320029E489?OpenDocument&lang=LV,Inese.Voika@saeima.lv
"Vucāns, Jānis",Zaļo un Zemnieku Savienība,V,1956,Ventspils,"Matemātikas doktors (Latvijas Universitāte, 1992); Fizikas un matemātikas zinātņu kandidāts matemātiskās fizikas un parciālo diferenciālvienādojumu specialitātē (Baltkrievijas Valsts universitāte, 1988); Pielietojamā matemātika (Latvijas Valsts universitāte, 1979); Vispārējā vidējā izglītība ar fizikas un matemātikas novirzienu (Rīgas 1.vidusskola, 1974)",Latvijai un Ventspilij,Zaļo un Zemnieku Savienība,Pilntiesīgs mandāts,https://titania.saeima.lv/personal/deputati/saeima13_depweb_public.nsf/depArchive.html?ReadForm&unid=7BCC4D87791624FEC22583320029E3C7&url=./0/7BCC4D87791624FEC22583320029E3C7?OpenDocument&lang=LV,Janis.Vucans@saeima.lv
"Zakatistovs, Atis",Pie frakcijām nepiederošie deputāti,V,1968,"Krimuldas novads, Turaida","Doktora grāds filozofijā (Otavas Universitāte, 2001); Maģistra grāds filozofijā (Otavas Universitāte, 1996); Filozofs, pasniedzējs (Latvijas Universitāte, 1992)",,KPV LV,Pilntiesīgs mandāts,https://titania.saeima.lv/personal/deputati/saeima13_depweb_public.nsf/0/8575F5AE8C80DFC5C22583320029E3AE?OpenDocument&lang=LV,Atis.Zakatistovs@saeima.lv
"Zālīte-Grosa, Evita",Jauno Konservatīvo frakcija,S,1969,Rīga,"Maģistra grāds, Vokālā māksla (Jāzepa Vītola Latvijas Mūzikas akadēmija, 2005)",Jaunā konservatīvā partija,Jaunā konservatīva partija,Pilntiesīgs mandāts,https://titania.saeima.lv/personal/deputati/saeima13_depweb_public.nsf/0/4AE72FE4EFB93EB6C22583320029E597?OpenDocument&lang=LV,Evita.Zalite-Grosa@saeima.lv
"Zamurs, Gatis",Attīstībai/Par!,V,1983,Jūrmala,"Maģistra grāds, Biznesa vadība (MBA) (Rīgas Tehniskā universitāte, 2013); Bakalaura grāds, Starpkultūru sakari Latvija-Francija (Latvijas Kultūras akadēmija, 2006)",Latvijas attīstībai,Attīstībai/Par!,"Apstiprināts uz laiku, kamēr ministra pienākumus pilda deputāti, kuri ievēlēti no partijas Attīstībai/Par! Rīgas vēlēšanu apgabala kandidātu saraksta",https://titania.saeima.lv/personal/deputati/saeima13_depweb_public.nsf/0/DE2357B3FF7F0799C22583320029E469?OpenDocument&lang=LV,Gatis.Zamurs@saeima.lv
"Zariņš, Ivars",Saskaņa,V,1969,Jēkabpils,"Ekonomiskās informātikas un automatizēto vadības sistēmu specialitāte (Latvijas Universitāte, 1993)",Saskaņa,Saskaņa,Pilntiesīgs mandāts,https://titania.saeima.lv/personal/deputati/saeima13_depweb_public.nsf/depArchive.html?ReadForm&unid=40EED6C265D34A1AC22583320029E613&url=./0/40EED6C265D34A1AC22583320029E613?OpenDocument&lang=LV,Ivars.Zarins@saeima.lv
"Znotiņš, Reinis",Jauno Konservatīvo frakcija,V,1992,Rīga,"Sociālo zinātņu bakalaura grāds tiesībās un biznesā (Rīgas Juridiskā augstskola, 2014)",Jaunā konservatīvā partija,Jaunā konservatīva partija,Pilntiesīgs mandāts,https://titania.saeima.lv/personal/deputati/saeima13_depweb_public.nsf/0/4E9398F052AF5F04C22583320029E4B1?OpenDocument&lang=LV,Reinis.Znotins@saeima.lv
"Žunna, Normunds",Jauno Konservatīvo frakcija,V,1962,Rīga,"Bakalaura grāds, Muitas vadība un nodokļi (Rīgas Tehniskā universitāte SESMI, 1998)",Jaunā konservatīvā partija,Jaunā konservatīva partija,Pilntiesīgs mandāts,https://titania.saeima.lv/personal/deputati/saeima13_depweb_public.nsf/0/6A8C26108D145E37C22583320029E59A?OpenDocument&lang=LV,Normunds.Zunna@saeima.lv