Deputāts/e,Frakcija,Dzimums,Dzimšanas gads,Dzīvesvieta,Izglitība,Politiska partija,Mandāta statuss,Ievelēts/-a no saraksta,Darbība 13.Saeimā,E-pasta adrese
Agita Zariņa-Stūre,Frakcija JAUNĀ VIENOTĪBA,S,1971,Valmieras novads,"Augstākā izglītība (Latvijas Universitātes Pedagoģijas un psiholoģijas fakultāte 1994 latviešu valodas un literatūras skolotājs, audzināšanas darba metodika; Rīgas Pedagoģijas un izglītības kvalitātes augstskola 2004 skolvadības maģistrs; Latvijas Universitāte 2012 pielīdzināts pedagoģijas maģistrs)","Jaunā VIENOTĪBA (Nacionālās VIENOTĪBAS apvienība; Partijas Jaunais laiks, partijas Pilsoniskā savienība un partijas Sabiedrība Citai Politikai apvienība; VIENOTĪBA)",Pilntiesīgs mandāts,,https://titania.saeima.lv/personal/deputati/saeima14_depweb_public.nsf/0/96A252C4C3BA55CFC22588E0002AE0B8?OpenDocument&lang=LV,Agita.Zarina-Sture@saeima.lv
Agnese Krasta,Frakcija JAUNĀ VIENOTĪBA,S,1986,Rīga,"Augstākā izglītība (Latvijas Universitāte 2008 Sociālo zinātņu bakalaurs politikas zinātnē; Latvijas Universitāte 2012 Sociālo zinātņu bakalaurs tiesību zinātnē; Latvijas Universitāte 2017 Profesionālā maģistra grāds tiesību zinātnē, jurists)","Jaunā VIENOTĪBA (Nacionālās VIENOTĪBAS apvienība; Partijas Jaunais laiks, partijas Pilsoniskā savienība un partijas Sabiedrība Citai Politikai apvienība; VIENOTĪBA)",Pilntiesīgs mandāts,,https://titania.saeima.lv/personal/deputati/saeima14_depweb_public.nsf/0/DE40EC1D5AC5DCD9C22588E0002AE07A?OpenDocument&lang=LV,Agnese.Krasta@saeima.lv
Ainars Latkovskis,Frakcija JAUNĀ VIENOTĪBA,V,1967,Siguldas novads,Augstākā izglītība (Latvijas Universitāte 1993 Vēsturnieks; Džordža Vašingtona Universitāte 1995 Starptautisko attiecību maģistrs),"Jaunā VIENOTĪBA (Nacionālās VIENOTĪBAS apvienība; Partijas Jaunais laiks, partijas Pilsoniskā savienība un partijas Sabiedrība Citai Politikai apvienība; VIENOTĪBA)",Pilntiesīgs mandāts,,https://titania.saeima.lv/personal/deputati/saeima14_depweb_public.nsf/depArchive.html?ReadForm&unid=974B603F5A87D059C22588E0002AE0AF&url=./0/974B603F5A87D059C22588E0002AE0AF?OpenDocument&lang=LV,ainars.latkovskis@saeima.lv
Ainārs Šlesers,Frakcija LATVIJA PIRMAJĀ VIETĀ,V,1970,Rīga,Vidējā izglītība (Rīgas Industriālais tehnikums 1989 štanču un presformu ražošana (tehniķis - tehnologs)),LATVIJA PIRMAJĀ VIETĀ,Pilntiesīgs mandāts,,https://titania.saeima.lv/personal/deputati/saeima14_depweb_public.nsf/depArchive.html?ReadForm&unid=AB8ACC42A7D0758BC22588E0002AE337&url=./0/AB8ACC42A7D0758BC22588E0002AE337?OpenDocument&lang=LV,Ainars.Slesers@saeima.lv
Aiva Vīksna,"Frakcija “APVIENOTAIS SARAKSTS – Latvijas Zaļā partija, Latvijas Reģionu Apvienība, Liepājas partija”",S,1967,Ropažu novads,"Augstākā izglītība (Latvijas Universitāte 1991 Ķīmiķa, pasniedzēja kvalifikācija)",,Pilntiesīgs mandāts,,https://titania.saeima.lv/personal/deputati/saeima14_depweb_public.nsf/0/4D6DE890139F0F5FC22588E0002AE510?OpenDocument&lang=LV,Aiva.Viksna@saeima.lv
Aleksandrs Kiršteins,Frakcija “Nacionālā apvienība”,V,1948,Rīga,Augstākā izglītība (Rīgas Politehniskais institūts 1972 Arhitektūra),"Nacionālā apvienība ""Visu Latvijai!""-""Tēvzemei un Brīvībai/LNNK""",Pilntiesīgs mandāts,,https://titania.saeima.lv/personal/deputati/saeima14_depweb_public.nsf/depArchive.html?ReadForm&unid=4FF243CF0259DB05C22588E0002AE27C&url=./0/4FF243CF0259DB05C22588E0002AE27C?OpenDocument&lang=LV,Aleksandrs.Kirsteins@saeima.lv
Aleksejs Rosļikovs,Frakcija “Stabilitātei!”,V,1984,Rīga,Augstākā izglītība (Biznesa augstskola Turība 2011 Uzņēmējdarbības vadība),,Pilntiesīgs mandāts,,https://titania.saeima.lv/personal/deputati/saeima14_depweb_public.nsf/0/275661C942308116C22588E0002AE1DD?OpenDocument&lang=LV,Aleksejs.Roslikovs@saeima.lv
Alīna Gendele,Frakcija JAUNĀ VIENOTĪBA,S,1959,Ludzas novads,Augstākā izglītība (Daugavpils Universitāte 2011 Izglītības zinātņu maģistra grāds pedagoģijā; Latvijas Sporta pedagoģijas akadēmija 1983 Fiziskās kultūras un sporta pasniedzējs),,Apstiprināts uz laiku,,https://titania.saeima.lv/personal/deputati/saeima14_depweb_public.nsf/depArchive.html?ReadForm&unid=A32DB09A89AE2AB3C22588E0002AE053&url=./0/A32DB09A89AE2AB3C22588E0002AE053?OpenDocument&lang=LV,Alina.Gendele@saeima.lv
Andrejs Ceļapīters,Frakcija JAUNĀ VIENOTĪBA,V,1964,Madonas novads,"Augstākā izglītība (Latvijas Universitāte 1990 Tiesību zinātne, jurists)",,Pilntiesīgs mandāts,,https://titania.saeima.lv/personal/deputati/saeima14_depweb_public.nsf/0/71A84B34F364BB94C22588E0002AE0BA?OpenDocument&lang=LV,Andrejs.Celapiters@saeima.lv
Andrejs Judins,Frakcija JAUNĀ VIENOTĪBA,V,1970,Jūrmala,Augstākā izglītība (Latvijas Universitāte 1993 jurists),"Jaunā VIENOTĪBA (Nacionālās VIENOTĪBAS apvienība; Partijas Jaunais laiks, partijas Pilsoniskā savienība un partijas Sabiedrība Citai Politikai apvienība; VIENOTĪBA)",Pilntiesīgs mandāts,,https://titania.saeima.lv/personal/deputati/saeima14_depweb_public.nsf/depArchive.html?ReadForm&unid=24A2D1934BB744F2C22588E0002AE06F&url=./0/24A2D1934BB744F2C22588E0002AE06F?OpenDocument&lang=LV,Andrejs.Judins@saeima.lv
Andrejs Vilks,Zaļo un Zemnieku savienības frakcija,V,1954,Jēkabpils novads,Augstākā izglītība (Omskas augastākā milicijas skola 1976 jurists),,Pilntiesīgs mandāts,,https://titania.saeima.lv/personal/deputati/saeima14_depweb_public.nsf/0/595F72E57451EC05C22588E0002AE137?OpenDocument&lang=LV,Andrejs.Vilks@saeima.lv
Andris Bērziņš,Zaļo un Zemnieku savienības frakcija,V,1955,Mārupes novads,"Augstākā izglītība (Latvijas Universitāte 1979 Franču valodas un literatūras specialitāte, filologa, pasniedzēja un tulka kvalifikācija)",,Pilntiesīgs mandāts,,https://titania.saeima.lv/personal/deputati/saeima14_depweb_public.nsf/depArchive.html?ReadForm&unid=67C17E6FE20BCAA9C22588E0002AE1AC&url=./0/67C17E6FE20BCAA9C22588E0002AE1AC?OpenDocument&lang=LV,Andris.Berzins@saeima.lv
Andris Kulbergs,"Frakcija “APVIENOTAIS SARAKSTS – Latvijas Zaļā partija, Latvijas Reģionu Apvienība, Liepājas partija”",V,1979,Rīga,Augstākā izglītība (Starptautiskā Konkordijas Universitāte 2002 Bakalaura grāds starptautiskajā biznesā),,Pilntiesīgs mandāts,,https://titania.saeima.lv/personal/deputati/saeima14_depweb_public.nsf/0/51CF0E6C1B20AF2EC22588E0002AE4CD?OpenDocument&lang=LV,Andris.Kulbergs@saeima.lv
Andris Šuvajevs,Frakcija PROGRESĪVIE,V,1991,Rīga,Augstākā izglītība (Glāzgovas universitāte 2015 Sociālo zinātņu bakalaura grāds socioloģijā (pabeigts ar izcilību); Oksfordas universitāte 2016 Sociālo zinātņu maģistra grāds sociālajā antropoloģijā),PROGRESĪVIE,Pilntiesīgs mandāts,,https://titania.saeima.lv/personal/deputati/saeima14_depweb_public.nsf/0/B865554A7F99FFE7C22588E0002AE401?OpenDocument&lang=LV,Andris.Suvajevs@saeima.lv
Anita Brakovska,Zaļo un Zemnieku savienības frakcija,S,1961,Preiļu novads,"Augstākā izglītība (Daugavpils Pedagoģijas institūts 1984 Bioloģijas, ķīmijas skolotājs)",,Pilntiesīgs mandāts,,https://titania.saeima.lv/personal/deputati/saeima14_depweb_public.nsf/0/6B32A07F60D2717EC22588E0002AE115?OpenDocument&lang=LV,Anita.Brakovska@saeima.lv
Anna Rancāne,Frakcija JAUNĀ VIENOTĪBA,S,1959,Rēzekne,Augstākā izglītība (Latvijas Valsts Universitāte 1982 inženieris ekonomists),"Jaunā VIENOTĪBA (Nacionālās VIENOTĪBAS apvienība; Partijas Jaunais laiks, partijas Pilsoniskā savienība un partijas Sabiedrība Citai Politikai apvienība; VIENOTĪBA)",Pilntiesīgs mandāts,,https://titania.saeima.lv/personal/deputati/saeima14_depweb_public.nsf/0/A5791F8E6A227453C22588E0002AE051?OpenDocument&lang=LV,Anna.Rancane@saeima.lv
Antoņina Ņenaševa,Frakcija PROGRESĪVIE,S,1988,Jūrmala,Augstākā izglītība (Baltijas Starptautiskā akadēmija 2011 Bakalaura grāds politoloģijā - Eiropas studijas; Londonas Ekonomikas un politikas zinātnes skola (LSE) 2015 Maģistra grāds sociālajā politikā),PROGRESĪVIE,Pilntiesīgs mandāts,,https://titania.saeima.lv/personal/deputati/saeima14_depweb_public.nsf/0/ED885BD3FAFA714FC22588E0002AE3FF?OpenDocument&lang=LV,Antonina.Nenaseva@saeima.lv
Artūrs Butāns,Frakcija “Nacionālā apvienība”,V,1992,Liepāja,Augstākā izglītība (Rīgas Tālmācības vidusskola 2012 Vispārējā vidējā izglītība; Sidnejas Biznesa koledža 2018 Biznesa vadība),"Nacionālā apvienība ""Visu Latvijai!""-""Tēvzemei un Brīvībai/LNNK""",Pilntiesīgs mandāts,,https://titania.saeima.lv/personal/deputati/saeima14_depweb_public.nsf/0/0193BC8860749C34C22588E0002AE234?OpenDocument&lang=LV,Arturs.Butans@saeima.lv
Atis Labucis,Frakcija JAUNĀ VIENOTĪBA,V,1986,Saulkrastu novads,Augstākā izglītība (Latvijas Universitāte 2011 Biologs),"Jaunā VIENOTĪBA (Nacionālās VIENOTĪBAS apvienība; Partijas Jaunais laiks, partijas Pilsoniskā savienība un partijas Sabiedrība Citai Politikai apvienība; VIENOTĪBA)",Apstiprināts uz laiku,,https://titania.saeima.lv/personal/deputati/saeima14_depweb_public.nsf/0/35CD41C73A1F5DC9C22588E0002AE0C3?OpenDocument&lang=LV,Atis.Labucis@saeima.lv
Atis Švinka,Frakcija PROGRESĪVIE,V,1973,Rīga,Augstākā izglītība (Latvijas Universitāte 2002 Sociālo zinātņu bakalaura grāds vadībzinātnē),,Pilntiesīgs mandāts,,https://titania.saeima.lv/personal/deputati/saeima14_depweb_public.nsf/0/DCD195F4ED104059C22588E0002AE477?OpenDocument&lang=LV,Atis.Svinka@saeima.lv
Augusts Brigmanis,Zaļo un Zemnieku savienības frakcija,V,1952,Tukuma novads,Augstākā izglītība (Latvijas Lauksaimniecības Akadēmija 1975 agronoms ekonomists),LATVIJAS ZEMNIEKU SAVIENĪBA (Centriskā partija Latvijas Zemnieku savienība),Pilntiesīgs mandāts,,https://titania.saeima.lv/personal/deputati/saeima14_depweb_public.nsf/depArchive.html?ReadForm&unid=795B2DB5FBAE49B7C22588E0002AE131&url=./0/795B2DB5FBAE49B7C22588E0002AE131?OpenDocument&lang=LV,Augusts.Brigmanis@saeima.lv
Česlavs Batņa,"Frakcija “APVIENOTAIS SARAKSTS – Latvijas Zaļā partija, Latvijas Reģionu Apvienība, Liepājas partija”",V,1979,Ogres novads,Augstākā izglītība (Jāzepa Vītola Latvijas Mūzikas akadēmija 2003 Bakalaura grāds mūzikā. Diriģenta specialitāte; Jāzepa Vītola Latvijas Mūzikas akadēmija 2005 Maģistra grāds mūzikā. Diriģenta specialitāte; Rīgas pedagoģijas un izglītības vadības augstskola 2012 Maģistra grāds skolvadībā; Latvijas Biznesa koledža 2016 Jurista palīgs),,Pilntiesīgs mandāts,,https://titania.saeima.lv/personal/deputati/saeima14_depweb_public.nsf/0/63C73AD5F73AE5FDC22588E0002AE517?OpenDocument&lang=LV,Ceslavs.Batna@saeima.lv
Daiga Mieriņa,Zaļo un Zemnieku savienības frakcija,S,1969,Ādažu novads,Augstākā izglītība (Latvijas Lauksaimniecības Universitāte 1995 Lauksaimniecības zinātņu Bakalaura grādu; Rīgas Tehniskā Universitāte 2009 Profesionālo Maģistra grādu visaptverošajā kvalitātes vadībā),LATVIJAS ZEMNIEKU SAVIENĪBA (Centriskā partija Latvijas Zemnieku savienība),Pilntiesīgs mandāts,,https://titania.saeima.lv/personal/deputati/saeima14_depweb_public.nsf/0/4BF8C00E38238CE8C22588E0002AE177?OpenDocument&lang=LV,Daiga.Mierina@saeima.lv
Dāvis Mārtiņš Daugavietis,Frakcija JAUNĀ VIENOTĪBA,V,1996,Rīga,Augstākā izglītība (Rīgas Juridiskā augstskola 2018 Starptautiskās tiesības un diplomātija),,Pilntiesīgs mandāts,,https://titania.saeima.lv/personal/deputati/saeima14_depweb_public.nsf/0/B8D6C0AA11A28BFCC22588E0002AE075?OpenDocument&lang=LV,Davis.Martins.Daugavietis@saeima.lv
Didzis Šmits,"Frakcija “APVIENOTAIS SARAKSTS – Latvijas Zaļā partija, Latvijas Reģionu Apvienība, Liepājas partija”",V,1975,Rīga,Augstākā izglītība (Rīgas Franču licejs 1993 Vispārējā; Latvijas Universitāte 1998 Politikas zinātnes bakalaura grāds starptautiskajās attiecībās; Parīzes 11. Universitāte 2000 Maģistra grāds starptautisko organizāciju diplomātijā),"Par Cilvēcīgu Latviju, Politiskā partija (KPV LV)",Pilntiesīgs mandāts,,https://titania.saeima.lv/personal/deputati/saeima14_depweb_public.nsf/depArchive.html?ReadForm&unid=51C17D69AC73A459C22588E0002AE4C7&url=./0/51C17D69AC73A459C22588E0002AE4C7?OpenDocument&lang=LV,Didzis.Smits@saeima.lv
Didzis Zemmers,Zaļo un Zemnieku savienības frakcija,V,1969,Limbažu novads,Augstākā izglītība (Latvijas Universitāte 2004 Amatu mācības un kultūras vēstures skolotāja kvalifikācija; Daugavpils Universitāte 2010 Sabiedrības pārvalde un iestāžu vadītājs),,Apstiprināts uz laiku,,https://titania.saeima.lv/personal/deputati/saeima14_depweb_public.nsf/depArchive.html?ReadForm&unid=7A2D78E3B22A6B1BC22588E0002AE182&url=./0/7A2D78E3B22A6B1BC22588E0002AE182?OpenDocument&lang=LV,Didzis.Zemmers@saeima.lv
Dmitrijs Kovaļenko,Frakcija “Stabilitātei!”,V,1978,Jelgava,Vidējā izglītība (Jelgavas 5. Vidusskola 1996 Vispārējā videjā),,Pilntiesīgs mandāts,,https://titania.saeima.lv/personal/deputati/saeima14_depweb_public.nsf/0/0F0920EE5AAAF1E1C22588E0002AE226?OpenDocument&lang=LV,Dmitrijs.Kovalenko@saeima.lv
Edgars Tavars,"Frakcija “APVIENOTAIS SARAKSTS – Latvijas Zaļā partija, Latvijas Reģionu Apvienība, Liepājas partija”",V,1982,Rīga,"Augstākā izglītība (Rīgas Pedagoģijas un izglītības vadības akadēmija 2010 Bakalaura grāds ekonomikā, uzņēmumu un iestāžu vadītājs; Banku augstskola 2012 Maģistra grāds, Inovācijas ekonomikā)",,Pilntiesīgs mandāts,,https://titania.saeima.lv/personal/deputati/saeima14_depweb_public.nsf/depArchive.html?ReadForm&unid=29DC1F43D02712A2C22588E0002AE53C&url=./0/29DC1F43D02712A2C22588E0002AE53C?OpenDocument&lang=LV,Edgars.Tavars@saeima.lv
Edgars Zelderis,Frakcija PROGRESĪVIE,V,1983,Talsu novads,Augstākā izglītība (Talsu Valsts ģimnāzija 2002 Vidējā izglītība; Latvijas Universitāte 2007 Bakalaura grāds tiesību zinātnēs; Latvijas Universitāte 2009 Maģistra grāds un jurista kvalifikācija tiesību zinātnēs; Latvijas Universitāte 2022 Tiesības veikt pedagoģisko darbību tiesību zinātnē),Mēs - Talsiem un novadam,Pilntiesīgs mandāts,,https://titania.saeima.lv/personal/deputati/saeima14_depweb_public.nsf/0/C97ED36F8C6BA43EC22588E0002AE3C8?OpenDocument&lang=LV,Edgars.Zelderis@saeima.lv
Edmunds Cepurītis,Frakcija PROGRESĪVIE,V,1991,Rīga,Augstākā izglītība (Latvijas Universitāte 2016 Dabaszinātņu maģistra grāds vides zinātnē),PROGRESĪVIE,Pilntiesīgs mandāts,,https://titania.saeima.lv/personal/deputati/saeima14_depweb_public.nsf/0/4392115994088E59C22588E0002AE407?OpenDocument&lang=LV,Edmunds.Cepuritis@saeima.lv
Edmunds Jurēvics,Frakcija JAUNĀ VIENOTĪBA,V,1992,Rīga,Augstākā izglītība (Latvijas Universitāte 2020 Politikas zinātne (Publiskā politika un pārvalde)),"Jaunā VIENOTĪBA (Nacionālās VIENOTĪBAS apvienība; Partijas Jaunais laiks, partijas Pilsoniskā savienība un partijas Sabiedrība Citai Politikai apvienība; VIENOTĪBA)",Apstiprināts uz laiku,,https://titania.saeima.lv/personal/deputati/saeima14_depweb_public.nsf/0/E449F176D460098DC22588E0002AE0AA?OpenDocument&lang=LV,Edmunds.Jurevics@saeima.lv
Edmunds Teirumnieks,Frakcija “Nacionālā apvienība”,V,1977,Rēzekne,Augstākā izglītība (Rēzeknes Augstskola 2000 Vides aizsardzības inženieris – ekotehnologs; Rēzeknes Augstskola 2000 Bakalaurs vides zinātnēs; Latvijas Universitāte 2002 Dabas zinātņu maģistrs vides zinātnē; Rīgas Tehniskā universitāte 2003 Inženierzinātņu maģistrs ķīmijā; Rīgas Tehniskā universitāte 2007 Inženierzinātņu doktors ķīmijas inženierzinātnē),"Nacionālā apvienība ""Visu Latvijai!""-""Tēvzemei un Brīvībai/LNNK""",Pilntiesīgs mandāts,,https://titania.saeima.lv/personal/deputati/saeima14_depweb_public.nsf/depArchive.html?ReadForm&unid=D6094735DEC19141C22588E0002AE24F&url=./0/D6094735DEC19141C22588E0002AE24F?OpenDocument&lang=LV,Edmunds.Teirumnieks@saeima.lv
Edmunds Zivtiņš,Frakcija LATVIJA PIRMAJĀ VIETĀ,V,1969,Rīga,Augstākā izglītība (Latvijas Policijas akadēmija 2000 jurists; Latvijas Policijas akadēmija 2006 maģistra grāds tiesību zinātnēs),,Pilntiesīgs mandāts,,https://titania.saeima.lv/personal/deputati/saeima14_depweb_public.nsf/0/55EC0FEF3FCDAB72C22588E0002AE3AC?OpenDocument&lang=LV,Edmunds.Zivtins@saeima.lv
Edvards Smiltēns,"Frakcija “APVIENOTAIS SARAKSTS – Latvijas Zaļā partija, Latvijas Reģionu Apvienība, Liepājas partija”",V,1984,Saulkrastu novads,"Augstākā izglītība (Rīgas Franču licejs 2003 Vispārējā; Latvijas Universitāte 2006 Sociālo zinātņu bakalaura grāds tiesību zinātnē; Latvijas Universitāte 2009 Profesionālais maģistra grāds tiesību zinātnē, jurista kvalifikācija)","Latvijas Reģionu Apvienība, Politiskā partija",Pilntiesīgs mandāts,,https://titania.saeima.lv/personal/deputati/saeima14_depweb_public.nsf/depArchive.html?ReadForm&unid=A8A9E87F3907B606C22588E0002AE509&url=./0/A8A9E87F3907B606C22588E0002AE509?OpenDocument&lang=LV,Edvards.Smiltens@saeima.lv
Edvīns Šnore,Frakcija “Nacionālā apvienība”,V,1974,Rīga,Augstākā izglītība (Latvijas Universitāte 2013 Vēstures doktors),"Nacionālā apvienība ""Visu Latvijai!""-""Tēvzemei un Brīvībai/LNNK""",Pilntiesīgs mandāts,,https://titania.saeima.lv/personal/deputati/saeima14_depweb_public.nsf/depArchive.html?ReadForm&unid=8100D64D46EABDD0C22588E0002AE2E4&url=./0/8100D64D46EABDD0C22588E0002AE2E4?OpenDocument&lang=LV,Edvins.Snore@saeima.lv
Ervins Labanovskis,Frakcija PROGRESĪVIE,V,1980,Smiltenes novads,Augstākā izglītība (Latvijas universitāte 2002 Bakalaura grāds politikas zinātnē; Latvijas universitāte 2005 Maģistra grāds komunikācijas zinātnē),,Apstiprināts uz laiku,,https://titania.saeima.lv/personal/deputati/saeima14_depweb_public.nsf/0/4D6DE08400D0AAFFC22588E0002AE447?OpenDocument&lang=LV,Ervins.Labanovskis@saeima.lv
Gatis Liepiņš,Frakcija JAUNĀ VIENOTĪBA,V,1989,Rīga,Augstākā izglītība (Latvijas Universitāte 2016 Humanitāro zinātņu maģistra grāds vēsturē),"Jaunā VIENOTĪBA (Nacionālās VIENOTĪBAS apvienība; Partijas Jaunais laiks, partijas Pilsoniskā savienība un partijas Sabiedrība Citai Politikai apvienība; VIENOTĪBA)",Apstiprināts uz laiku,,https://titania.saeima.lv/personal/deputati/saeima14_depweb_public.nsf/0/58887F105A9C071DC22588E0002AE080?OpenDocument&lang=LV,Gatis.Liepins@saeima.lv
Ģirts Štekerhofs,Zaļo un Zemnieku savienības frakcija,V,1964,Ventspils,Augstākā izglītība (Rīgas medicīnas institūts 1988 Ārsts; ķirurgs),,Apstiprināts uz laiku,,https://titania.saeima.lv/personal/deputati/saeima14_depweb_public.nsf/0/8E9DDF8BF0D15A21C22588E0002AE100?OpenDocument&lang=LV,Girts.Stekerhofs@saeima.lv
Ģirts Valdis Kristovskis,Frakcija JAUNĀ VIENOTĪBA,V,1962,Rīga,"Augstākā izglītība (Rīgas Tehniskā Universitāte 1984 būvinženieris; Aizsardzības Plānošanas un Resursu Vadības Institūts, ASV 1995 starptautiskais kurss; Latvijas Universitāte 1998 tiesību zinātņu maģistrs; Londonas Ekonomikas augstskola 2014 biznesa vadības maģistrs)",,Apstiprināts uz laiku,,https://titania.saeima.lv/personal/deputati/saeima14_depweb_public.nsf/depArchive.html?ReadForm&unid=5DCAC05E2C421CEBC22588E0002AE03D&url=./0/5DCAC05E2C421CEBC22588E0002AE03D?OpenDocument&lang=LV,Girts.Valdis.Kristovskis@saeima.lv
Glorija Grevcova,Pie frakcijām nepiederošie deputāti,S,1988,Ropažu novads,Augstākā izglītība (Latvijas Sporta pedagoģijas akadēmija 2013 Pedagogs),,Pilntiesīgs mandāts,,https://titania.saeima.lv/personal/deputati/saeima14_depweb_public.nsf/0/CF355E17683E13EBC22588E0002AE212?OpenDocument&lang=LV,Glorija.Grevcova@saeima.lv
Gunārs Kūtris,Zaļo un Zemnieku savienības frakcija,V,1960,Mārupes novads,"Augstākā izglītība (Latvijas universitāte 1982 jurists; Latvijas universitāte 1994 jurists, maģistrs)",,Pilntiesīgs mandāts,,https://titania.saeima.lv/personal/deputati/saeima14_depweb_public.nsf/depArchive.html?ReadForm&unid=00D7FD2350CB603EC22588E0002AE12F&url=./0/00D7FD2350CB603EC22588E0002AE12F?OpenDocument&lang=LV,Gunars.Kutris@saeima.lv
Gundars Daudze,Zaļo un Zemnieku savienības frakcija,V,1965,Ventspils,Augstākā izglītība (Rīgas 49.vidusskola 1983 vispārējā; Rīgas Medicīnas institūts 1989 ārsts - pediatrs; Republikas bērnu klīniskā slimnīca 1990 anesteziologs - reanimatologs),Zaļo un Zemnieku savienība,Pilntiesīgs mandāts,,https://titania.saeima.lv/personal/deputati/saeima14_depweb_public.nsf/depArchive.html?ReadForm&unid=84AFBF137ECED25AC22588E0002AE0FA&url=./0/84AFBF137ECED25AC22588E0002AE0FA?OpenDocument&lang=LV,Gundars.Daudze@saeima.lv
Harijs Rokpelnis,Zaļo un Zemnieku savienības frakcija,V,1987,Valmieras novads,Augstākā izglītība (Rīgas Ekonomikas augstskola 2010 Ekonomika un biznesa vadība),,Pilntiesīgs mandāts,,https://titania.saeima.lv/personal/deputati/saeima14_depweb_public.nsf/0/DB66A9AE0D730591C22588E0002AE179?OpenDocument&lang=LV,Harijs.Rokpelnis@saeima.lv
Igors Judins,Frakcija “Stabilitātei!”,V,1978,Rīga,Augstākā izglītība (Baltijas Krievu Institūts 2004 Jurists),"Stabilitātei!, Politiskā partija",Pilntiesīgs mandāts,,https://titania.saeima.lv/personal/deputati/saeima14_depweb_public.nsf/0/21A69EE21BA55AF2C22588E0002AE1E3?OpenDocument&lang=LV,Igors.Judins@saeima.lv
Igors Rajevs,"Frakcija “APVIENOTAIS SARAKSTS – Latvijas Zaļā partija, Latvijas Reģionu Apvienība, Liepājas partija”",V,1965,Rīga,Augstākā izglītība (Rīgas 13. vidusskola 1983 Vispārējā; Maskavas vispārējā karaspēka kara skola 1987 Riteņu un kāpurķēžu tehnikas ekspluatācijas inženieris),,Pilntiesīgs mandāts,,https://titania.saeima.lv/personal/deputati/saeima14_depweb_public.nsf/0/16422DA52F2C4042C22588E0002AE4CC?OpenDocument&lang=LV,Igors.Rajevs@saeima.lv
Iļja Ivanovs,Frakcija “Stabilitātei!”,V,1999,Daugavpils,Vidējā izglītība (Daugavpils 13. vidusskola 2017 Vispārējā videjā),,Pilntiesīgs mandāts,,https://titania.saeima.lv/personal/deputati/saeima14_depweb_public.nsf/0/701B51D85B997204C22588E0002AE1D6?OpenDocument&lang=LV,Ilja.Ivanovs@saeima.lv
Ilze Indriksone,Frakcija “Nacionālā apvienība”,S,1974,Talsu novads,Augstākā izglītība (Latvijas Lauksaimniecības universitāte 1998 Vides saimniecības inženiere; Latvijas Universitāte 2001 Maģistra grāds vides pārvaldībā),"Nacionālā apvienība ""Visu Latvijai!""-""Tēvzemei un Brīvībai/LNNK""",Pilntiesīgs mandāts,,https://titania.saeima.lv/personal/deputati/saeima14_depweb_public.nsf/depArchive.html?ReadForm&unid=11CBD8C6D7C07380C22588E0002AE233&url=./0/11CBD8C6D7C07380C22588E0002AE233?OpenDocument&lang=LV,Ilze.Indriksone@saeima.lv
Ilze Vergina,Frakcija JAUNĀ VIENOTĪBA,S,1969,Smiltenes novads,"Augstākā izglītība (Liepājas pedagoģiskais institūts 1992 Profesionālais maģistra grāds latviešu valodā un literatūrā, skolotāja kvalifikācija; Liepājas pedagoģiskā augstskola 1996 Humanitāro zinātņu maģistra grāds filoloģijā)","Jaunā VIENOTĪBA (Nacionālās VIENOTĪBAS apvienība; Partijas Jaunais laiks, partijas Pilsoniskā savienība un partijas Sabiedrība Citai Politikai apvienība; VIENOTĪBA)",Apstiprināts uz laiku,,https://titania.saeima.lv/personal/deputati/saeima14_depweb_public.nsf/depArchive.html?ReadForm&unid=3A360C6FE067EA26C22588E0002AE0B5&url=./0/3A360C6FE067EA26C22588E0002AE0B5?OpenDocument&lang=LV,Ilze.Vergina@saeima.lv
Ināra Mūrniece,Frakcija “Nacionālā apvienība”,S,1970,Rīga,Augstākā izglītība (Ekonomikas un Kultūras augstskola 2007 Profesionālais bakalaura grāds tulkošanā; Latvijas Universitāte 2009 Tulkotāja),,Pilntiesīgs mandāts,,https://titania.saeima.lv/personal/deputati/saeima14_depweb_public.nsf/depArchive.html?ReadForm&unid=AE9AE6A0595BDDFFC22588E0002AE269&url=./0/AE9AE6A0595BDDFFC22588E0002AE269?OpenDocument&lang=LV,Inara.Murniece@saeima.lv
Inese Kalniņa,Frakcija JAUNĀ VIENOTĪBA,S,1967,Rīga,"Augstākā izglītība (Latvijas Universitāte 1991 Matemātiķis, pasniedzējs; Latvijas Universitāte 1996 Ārējo sakaru struktūrvienību vadītājs; Latvijas Universitāte 2003 Diplomēts jurists; Latvijas Universitāte 2005 Maģistra grāds tiesību zinātnēs; Latvijas Universitāte 2016 Doktora grāds tiesību zinātnēs)",,Pilntiesīgs mandāts,,https://titania.saeima.lv/personal/deputati/saeima14_depweb_public.nsf/0/526A20701EACC583C22588E0002AE08D?OpenDocument&lang=LV,Inese.Kalnina@saeima.lv
Ingmārs Līdaka,"Frakcija “APVIENOTAIS SARAKSTS – Latvijas Zaļā partija, Latvijas Reģionu Apvienība, Liepājas partija”",V,1966,Bauskas novads,Augstākā izglītība (Latvijas Universitāte 2004 Pedagoģijas fakultāte),,Pilntiesīgs mandāts,,https://titania.saeima.lv/personal/deputati/saeima14_depweb_public.nsf/depArchive.html?ReadForm&unid=B471AC58D00A0BEDC22588E0002AE53F&url=./0/B471AC58D00A0BEDC22588E0002AE53F?OpenDocument&lang=LV,Ingmars.Lidaka@saeima.lv
Ingrīda Circene,Frakcija JAUNĀ VIENOTĪBA,S,1956,Rīga,Augstākā izglītība (Rīgas Medicīnas institūts (RSU) 1981 Ārsts; Latvijas uzņēmējdarbības un menedžmenta akadēmija 2000 Uzņēmējs),"Jaunā VIENOTĪBA (Nacionālās VIENOTĪBAS apvienība; Partijas Jaunais laiks, partijas Pilsoniskā savienība un partijas Sabiedrība Citai Politikai apvienība; VIENOTĪBA)",Apstiprināts uz laiku,,https://titania.saeima.lv/personal/deputati/saeima14_depweb_public.nsf/0/96302E662BD2A427C22588E0002AE07F?OpenDocument&lang=LV,Ingrida.Circene@saeima.lv
Irma Kalniņa,Frakcija JAUNĀ VIENOTĪBA,S,1950,Talsu novads,Augstākā izglītība (Ohaijo Universitāte 1973 pedagoģe),"VIENOTĪBA, Partija",Pilntiesīgs mandāts,,https://titania.saeima.lv/personal/deputati/saeima14_depweb_public.nsf/0/96302E662BD2A427C22588E0002AE07F?OpenDocument&lang=LV,Irma.Kalnina@saeima.lv
Jana Simanovska,Frakcija PROGRESĪVIE,S,1971,Jūrmala,"Augstākā izglītība (Latvijas Universitāte 1994 Vides zinātņu bakalaura grāds ķīmijā; Latvijas Universitāte 1997 Maģistra grāds vides zinātnē un pārvaldē; Latvijas Universitāte 1997 Profesionālās kvalifikācijas sertifikāts; Starptautiskās ekonomiskās attiecības; Rīgas Tehniskā universitāte 2012 Vides inženierzinātne, inženierzinātņu doktore)",Mēs - Talsiem un novadam,Pilntiesīgs mandāts,,https://titania.saeima.lv/personal/deputati/saeima14_depweb_public.nsf/0/C5E1C0E63FA0B3FDC22588E0002AE445?OpenDocument&lang=LV,Jana.Simanovska@saeima.lv
Jānis Dombrava,Frakcija “Nacionālā apvienība”,V,1988,Saulkrastu novads,Augstākā izglītība (Latvijas Universitāte 2010 Humanitāro zinātņu bakalaura grāds vēsturē),"Nacionālā apvienība ""Visu Latvijai!""-""Tēvzemei un Brīvībai/LNNK""",Pilntiesīgs mandāts,,https://titania.saeima.lv/personal/deputati/saeima14_depweb_public.nsf/depArchive.html?ReadForm&unid=C309C9E0EEF76BB1C22588E0002AE2B5&url=./0/C309C9E0EEF76BB1C22588E0002AE2B5?OpenDocument&lang=LV,Janis.Dombrava@saeima.lv
Jānis Grasbergs,Frakcija “Nacionālā apvienība”,V,1986,Valmieras novads,"Augstākā izglītība (Valmieras Valsts ģimnāzija 2002 Pamatizglītība; Valsts Priekuļu lauksaimniecības tehnikums 2006 Profesionālā vidējā izglītība, mehāniķis; Latvijas Lauksaimniecības universitāte 2010 Bakalaura grāds lauksaimniecības zinātnē; Latvijas Lauksaimniecības universitāte 2020 Maģistra grāds lauksaimniecības zinātnē)",,Pilntiesīgs mandāts,,https://titania.saeima.lv/personal/deputati/saeima14_depweb_public.nsf/0/84659186BD4502B1C22588E0002AE2BA?OpenDocument&lang=LV,Janis.Grasbergs@saeima.lv
Jānis Patmalnieks,Frakcija JAUNĀ VIENOTĪBA,V,1980,Rīga,Augstākā izglītība (Latvijas Universitāte 2003 Jurista kvalifikācija; Latvijas Universitāte 2008 Humanitāro zinātņu maģistrs filozofijā),"Jaunā VIENOTĪBA (Nacionālās VIENOTĪBAS apvienība; Partijas Jaunais laiks, partijas Pilsoniskā savienība un partijas Sabiedrība Citai Politikai apvienība; VIENOTĪBA)",Pilntiesīgs mandāts,,https://titania.saeima.lv/personal/deputati/saeima14_depweb_public.nsf/0/E482E63221656BB6C22588E0002AE07C?OpenDocument&lang=LV,Janis.Patmalnieks@saeima.lv
Jānis Reirs,Frakcija JAUNĀ VIENOTĪBA,V,1961,Rīga,Augstākā izglītība (Latvijas Universitāte 1991 Ekonomists),,Apstiprināts uz laiku,,https://titania.saeima.lv/personal/deputati/saeima14_depweb_public.nsf/depArchive.html?ReadForm&unid=ED35A4024F168431C22588E0002AE0DC&url=./0/ED35A4024F168431C22588E0002AE0DC?OpenDocument&lang=LV,Janis.Reirs@saeima.lv
Jānis Skrastiņš,Frakcija JAUNĀ VIENOTĪBA,V,1970,Valmieras novads,Augstākā izglītība (Rīgas Pedagoģijas un izglītības vadības akadēmija 2005 1. līmeņa profesionālā augstākā izglītība komercdarbībā; Rīgas Pedagoģijas un izglītības vadības akadēmija 2007 2. līmeņa profesionālā augstākā izglītība uzņēmumu un iestāžu vadītāja kvalifikācija. profesionālais bakalaura grāds uzņēmējdarbībā),,Pilntiesīgs mandāts,,https://titania.saeima.lv/personal/deputati/saeima14_depweb_public.nsf/0/193BDF566D86DE9FC22588E0002AE0B4?OpenDocument&lang=LV,Janis.Skrastins@saeima.lv
Jānis Vitenbergs,Frakcija “Nacionālā apvienība”,V,1985,Mārupes novads,Augstākā izglītība (Liepājas Universitāte 2008 Bakalaura grāds uzņēmējdarbības vadībā),,Pilntiesīgs mandāts,,https://titania.saeima.lv/personal/deputati/saeima14_depweb_public.nsf/depArchive.html?ReadForm&unid=D520FA69CC6F216AC22588E0002AE2E6&url=./0/D520FA69CC6F216AC22588E0002AE2E6?OpenDocument&lang=LV,Janis.Vitenbergs@saeima.lv
Jānis Vucāns,Zaļo un Zemnieku savienības frakcija,V,1956,Ventspils,Augstākā izglītība (Rīgas 1.vidusskola (tagad - Rīgas Valsts 1.ģimnāzija) 1974 Vispārējā vidējā izglītība ar fizikas un matemātikas novirzienu; Latvijas Valsts universitāte (tagad - Latvijas Universitāte) 1979 Pielietojamā matemātika; Baltkrievijas Valsts universitāte 1988 Fizikas un matemātikas zinātņu kandidāts matemātiskās fizikas un parciālo diferenciālvienādojumu specialitātē; Latvijas Universitāte 1992 Matemātikas doktors),Zaļo un Zemnieku savienība,Pilntiesīgs mandāts,,https://titania.saeima.lv/personal/deputati/saeima14_depweb_public.nsf/depArchive.html?ReadForm&unid=A5EA8D00A41AF6F8C22588E0002AE0F9&url=./0/A5EA8D00A41AF6F8C22588E0002AE0F9?OpenDocument&lang=LV,Janis.Vucans@saeima.lv
Jefimijs Klementjevs,Frakcija “Stabilitātei!”,V,1963,Rīga,Augstākā izglītība (Latvijas Sporta pedagoģijas akadēmija 1999 Sporta zinātnes),,Pilntiesīgs mandāts,,https://titania.saeima.lv/personal/deputati/saeima14_depweb_public.nsf/0/DF26D483F1260CA9C22588E0002AE1E6?OpenDocument&lang=LV,Jefimijs.Klementjevs@saeima.lv
Jekaterina Drelinga,Frakcija “Stabilitātei!”,S,1997,Jelgava,Vidējā izglītība (Jelgavas 5. Vidusskola 2004 Vispārējā videjā),,Pilntiesīgs mandāts,,https://titania.saeima.lv/personal/deputati/saeima14_depweb_public.nsf/0/2E7D7EFFE92769FBC22588E0002AE1D3?OpenDocument&lang=LV,Jekaterina.Doroskevica@saeima.lv
Juris Jakovins,Zaļo un Zemnieku savienības frakcija,V,1961,Valmieras novads,Augstākā izglītība (Rīgas Medicīnas institūts 1986 Vispārējās prakses ārsts),,Pilntiesīgs mandāts,,https://titania.saeima.lv/personal/deputati/saeima14_depweb_public.nsf/0/320B93E588BE3BE6C22588E0002AE199?OpenDocument&lang=LV,Juris.Jakovins@saeima.lv
Juris Viļums,"Frakcija “APVIENOTAIS SARAKSTS – Latvijas Zaļā partija, Latvijas Reģionu Apvienība, Liepājas partija”",V,1982,Krāslavas novads,Augstākā izglītība (Ezernieku vidusskola 2000 Vispārējā; Latvijas Lauksaimniecības universitāte 2004 Bakalaura grāds ekonomikā; Latvijas Universitāte 2007 Maģistra grāds vadības zinībās),,Pilntiesīgs mandāts,,https://titania.saeima.lv/personal/deputati/saeima14_depweb_public.nsf/depArchive.html?ReadForm&unid=F954DA5F67640BA0C22588E0002AE4AC&url=./0/F954DA5F67640BA0C22588E0002AE4AC?OpenDocument&lang=LV,Juris.Vilums@saeima.lv
Kristaps Krištopans,Frakcija LATVIJA PIRMAJĀ VIETĀ,V,1983,Rīga,Augstākā izglītība (Floridas Atlantijas Universitāte 2005 bakalaura grāds biznesa administrācijā; Miami Universitāte 2008 MBA Biznesa administrācijā),,Pilntiesīgs mandāts,,https://titania.saeima.lv/personal/deputati/saeima14_depweb_public.nsf/0/8EFE689168302B0CC22588E0002AE35D?OpenDocument&lang=LV,Kristaps.Kristopans@saeima.lv
Lauris Lizbovskis,"Frakcija “APVIENOTAIS SARAKSTS – Latvijas Zaļā partija, Latvijas Reģionu Apvienība, Liepājas partija”",V,1973,Rīga,Vidējā izglītība (Ventspils 1.vidusskola 1991 Vispārējā),,Pilntiesīgs mandāts,,https://titania.saeima.lv/personal/deputati/saeima14_depweb_public.nsf/0/3EA79906ACD2E42BC22588E0002AE4DA?OpenDocument&lang=LV,Lauris.Lizbovskis@saeima.lv
Leila Rasima,Frakcija PROGRESĪVIE,S,1987,Rēzekne,Augstākā izglītība (Rēzeknes Augstskola 2010 Bakalaura grāds izglītībā Svešvalodas (angļu) skolotāja specialitātē; Rēzeknes Augstskola 2012 Maģistra grāds izglītībā Karjeras konsultanta specialitātē),PROGRESĪVIE,Pilntiesīgs mandāts,,https://titania.saeima.lv/personal/deputati/saeima14_depweb_public.nsf/0/A546DC5312A80E29C22588E0002AE3E1?OpenDocument&lang=LV,Leila.Rasima@saeima.lv
Līga Kļaviņa,Zaļo un Zemnieku savienības frakcija,S,1968,Jēkabpils novads,"Augstākā izglītība (Latvijas Universitāte 1991 filologs, angļu valodas un literatūras pasniedzēja; Daugavpils Universitāte 2002 Izglītības zinātņu maģistra grāds pedagoģijā-skolvadībā; Rēzeknes Augstskola 2006 Finanšu un grāmatvedības vadītājs, ekonomists; Rīgas Tehniskā universitāte 2008 Maģistrantūras studijas programmā ""Starptautiskā un reģionālā ekonomika"", maģistra grāds ekonomikā)",LATVIJAS ZEMNIEKU SAVIENĪBA (Centriskā partija Latvijas Zemnieku savienība),Pilntiesīgs mandāts,,https://titania.saeima.lv/personal/deputati/saeima14_depweb_public.nsf/0/F3C77BC702A356B2C22588E0002AE1AB?OpenDocument&lang=LV,Liga.Klavina@saeima.lv
Līga Kozlovska,Zaļo un Zemnieku savienības frakcija,S,1957,Balvu novads,Augstākā izglītība (Rīgas Medicīnas institūts. 1982 ārste; Latvijas Medicīnas akadēmija 1993 ģimenes ārste),LATVIJAS ZEMNIEKU SAVIENĪBA (Centriskā partija Latvijas Zemnieku savienība),Pilntiesīgs mandāts,,https://titania.saeima.lv/personal/deputati/saeima14_depweb_public.nsf/depArchive.html?ReadForm&unid=7B8966CAF30205AFC22588E0002AE113&url=./0/7B8966CAF30205AFC22588E0002AE113?OpenDocument&lang=LV,Liga.Kozlovska@saeima.lv
Ligita Gintere,Zaļo un Zemnieku savienības frakcija,S,1956,Tukuma novads,Augstākā izglītība (Liepājas Pedagoģiskais institūts 1978 Pamatskolas skolotāja; Latvijas Universitāte 1997 Sabiedrības pārvaldede),,Apstiprināts uz laiku,,https://titania.saeima.lv/personal/deputati/saeima14_depweb_public.nsf/0/0488BCAC919F0823C22588E0002AE1B1?OpenDocument&lang=LV,Ligita.Gintere@saeima.lv
Linda Liepiņa,Frakcija LATVIJA PIRMAJĀ VIETĀ,S,1974,Jūrmala,Augstākā izglītība (Baltijas Krievu Institūts 2003 uzņēmējdarbības vadība; Baltijas Krievu Institūts 2005 maģistrs uzņēmējdarbības vadībā),,Pilntiesīgs mandāts,,https://titania.saeima.lv/personal/deputati/saeima14_depweb_public.nsf/depArchive.html?ReadForm&unid=DB9FA0949D773C9DC22588E0002AE37A&url=./0/DB9FA0949D773C9DC22588E0002AE37A?OpenDocument&lang=LV,Linda.Liepina@saeima.lv
Linda Matisone,"Frakcija “APVIENOTAIS SARAKSTS – Latvijas Zaļā partija, Latvijas Reģionu Apvienība, Liepājas partija”",S,1976,Liepāja,"Augstākā izglītība (Rīgas Tehniskā universitāte 1999 Ekonomikas bakalaura grāds Uzņēmējdarbībā un vadīšanā; Baltijas Starptautiskā Akadēmija 2003 Tiesību zinātnes, jurista kvalifikācija; Baltijas Starptautiskā Akadēmija 2004 Uzņēmējdarbības vadīšana un administrēšana, prof.Maģistrs)",,Pilntiesīgs mandāts,,https://titania.saeima.lv/personal/deputati/saeima14_depweb_public.nsf/0/3DE2250861A31EE3C22588E0002AE493?OpenDocument&lang=LV,Linda.Matisone@saeima.lv
Mairita Lūse,Frakcija PROGRESĪVIE,S,1986,Rīga,Augstākā izglītība (Latvijas Universitāte 2009 Bakalaura grāds Somugru studijās; Mursijas Universitāte (Spānija) 2012 Maģistra grāds Ekonomiskajā attīstībā un sadarbībā),,Apstiprināts uz laiku,,https://titania.saeima.lv/personal/deputati/saeima14_depweb_public.nsf/0/F4E2820D1DD178A0C22588E0002AE405?OpenDocument&lang=LV,Mairita.Luse@saeima.lv
Mārcis Jencītis,Frakcija LATVIJA PIRMAJĀ VIETĀ,V,1970,Cēsu novads,Vidējā izglītība (Limbažu 1.vidusskola 1988 vispārējā),,Pilntiesīgs mandāts,,https://titania.saeima.lv/personal/deputati/saeima14_depweb_public.nsf/0/545D69DB4CA70A7AC22588E0002AE358?OpenDocument&lang=LV,Marcis.Jencitis@saeima.lv
Māris Kučinskis,"Frakcija “APVIENOTAIS SARAKSTS – Latvijas Zaļā partija, Latvijas Reģionu Apvienība, Liepājas partija”",V,1961,Rīga,Augstākā izglītība (Valmieras 4. vidusskola 1980 Vispārējā; Latvijas Valsts Universitāte 1988 Ekonomists),LATVIJAS ZEMNIEKU SAVIENĪBA (Centriskā partija Latvijas Zemnieku savienība),Pilntiesīgs mandāts,,https://titania.saeima.lv/personal/deputati/saeima14_depweb_public.nsf/0/545D69DB4CA70A7AC22588E0002AE358?OpenDocument&lang=LV,Maris.Kucinskis@saeima.lv
Māris Sprindžuks,"Frakcija “APVIENOTAIS SARAKSTS – Latvijas Zaļā partija, Latvijas Reģionu Apvienība, Liepājas partija”",V,1971,Ādažu novads,"Augstākā izglītība (Latvijas lauksaimniecības universitāte 1994 Agronoms, bakalaurs; Kanzasas universitāte (ASV) 1998 Valsts pārvaldes maģistrs)",,Pilntiesīgs mandāts,,https://titania.saeima.lv/personal/deputati/saeima14_depweb_public.nsf/depArchive.html?ReadForm&unid=686C37B3DFAA0810C22588E0002AE50F&url=./0/686C37B3DFAA0810C22588E0002AE50F?OpenDocument&lang=LV,Maris.Sprindzuks@saeima.lv
Mārtiņš Daģis,Frakcija JAUNĀ VIENOTĪBA,V,1976,Rīga,Augstākā izglītība (Latvijas Universitāte 2002 Pedagogs),"Kustība ""Par!""",Pilntiesīgs mandāts,,https://titania.saeima.lv/personal/deputati/saeima14_depweb_public.nsf/0/D8AFDB5B4EA17571C22588E0002AE0E6?OpenDocument&lang=LV,Martins.Dagis@saeima.lv
Mārtiņš Felss,Frakcija JAUNĀ VIENOTĪBA,V,1984,Jēkabpils novads,Augstākā izglītība (Jēkabpils 3. vidusskola 2002 Vispārējā vidējā izglītība; Latvijas Lauksaimniecības universitāte 2006 Programmēšanas inženieris; Latvijas Lauksaimniecības universitāte 2009 Sociālo zinātņu maģistrs ekonomikā),,Pilntiesīgs mandāts,,https://titania.saeima.lv/personal/deputati/saeima14_depweb_public.nsf/0/AA2833B09FDC308DC22588E0002AE0EA?OpenDocument&lang=LV,Martins.Felss@saeima.lv
Nataļja Marčenko-Jodko,Frakcija “Stabilitātei!”,S,1978,Rīga,Vidējā izglītība (Rīgas krievu privātģimnāzija 2003 Vispārējā videjā),,Pilntiesīgs mandāts,,https://titania.saeima.lv/personal/deputati/saeima14_depweb_public.nsf/0/9510F2698DD2753DC22588E0002AE1DE?OpenDocument&lang=LV,Natalja.Marcenko-Jodko@saeima.lv
Nauris Puntulis,Frakcija “Nacionālā apvienība”,V,1961,Rīga,"Augstākā izglītība (Rīgas Kultūras un izglītības darbinieku tehnikums 1979 Kultūras darbinieks , pūtēju un estrādes orķestru vadītājs; Latvijas valsts konservatorija 1991 B grāds, Solists - vokālists; Latvijas Mūzikas Akadēmija 1994 Maģistra grāds, Operdziedātājs, pedagogs)",,Pilntiesīgs mandāts,,https://titania.saeima.lv/personal/deputati/saeima14_depweb_public.nsf/0/59C2AD64FE4CECDFC22588E0002AE26C?OpenDocument&lang=LV,Nauris.Puntulis@saeima.lv
Oļegs Burovs,Pie frakcijām nepiederošie deputāti,V,1960,Rīga,Augstākā izglītība (Rīgas 4. Medicīnas skola 1986 feldšeris; Sociālās Ekonomikas institūta Darba un sociālo lietu akadēmija 1994 darba ekonomika un socioloģija),,Pilntiesīgs mandāts,,https://titania.saeima.lv/personal/deputati/saeima14_depweb_public.nsf/0/1BA895B44E309A68C22588E0002AE339?OpenDocument&lang=LV,Olegs.Burovs@saeima.lv
Raimonds Bergmanis,"Frakcija “APVIENOTAIS SARAKSTS – Latvijas Zaļā partija, Latvijas Reģionu Apvienība, Liepājas partija”",V,1966,Rīga,"Augstākā izglītība (Rīgas Tehniskā universitāte 1991 Ķīmiķis, stikla un sitālu ķīmiskās tehnoloģijas speciālists (maģistra grāds); Latvijas Sporta pedagoģijas akadēmija 2003 Pedagoģijas maģistra grāds sportā, sporta darba speciālists, smagatlētikas treneris)",Latvijas Zaļā partija,Pilntiesīgs mandāts,,https://titania.saeima.lv/personal/deputati/saeima14_depweb_public.nsf/depArchive.html?ReadForm&unid=E789F950275FB643C22588E0002AE50D&url=./0/E789F950275FB643C22588E0002AE50D?OpenDocument&lang=LV,Raimonds.Bergmanis@saeima.lv
Raimonds Čudars,Frakcija JAUNĀ VIENOTĪBA,V,1974,Salaspils novads,Augstākā izglītība (Latvijas Universitāte 1996 Jurists),,Pilntiesīgs mandāts,,https://titania.saeima.lv/personal/deputati/saeima14_depweb_public.nsf/depArchive.html?ReadForm&unid=E789F950275FB643C22588E0002AE50D&url=./0/E789F950275FB643C22588E0002AE50D?OpenDocument&lang=LV,Raimonds.Cudars@saeima.lv
Raivis Dzintars,Frakcija “Nacionālā apvienība”,V,1982,Siguldas novads,Augstākā izglītība (Latvijas Universitāte 2010 Bakalaura grāds politikas zinātnē),"Nacionālā apvienība ""Visu Latvijai!""-""Tēvzemei un Brīvībai/LNNK""",Pilntiesīgs mandāts,,https://titania.saeima.lv/personal/deputati/saeima14_depweb_public.nsf/depArchive.html?ReadForm&unid=F7ADA1FBED184CCBC22588E0002AE2B4&url=./0/F7ADA1FBED184CCBC22588E0002AE2B4?OpenDocument&lang=LV,Raivis.Dzintars@saeima.lv
Ramona Petraviča,Frakcija LATVIJA PIRMAJĀ VIETĀ,S,1967,Saldus novads,Augstākā izglītība (Rīgas Tehniskā universitāte 1992 inženiera - ķīmiķa kvalifikācija),LATVIJA PIRMAJĀ VIETĀ,Pilntiesīgs mandāts,,https://titania.saeima.lv/personal/deputati/saeima14_depweb_public.nsf/depArchive.html?ReadForm&unid=C28602E3EE79BC90C22588E0002AE300&url=./0/C28602E3EE79BC90C22588E0002AE300?OpenDocument&lang=LV,Ramona.Petravica@saeima.lv
Ričards Šlesers,Frakcija LATVIJA PIRMAJĀ VIETĀ,V,1997,Rīga,Augstākā izglītība (Birmingemas Universitāte 2018 Filmu tehnoloģijas un vizuālie efekti),,Pilntiesīgs mandāts,,https://titania.saeima.lv/personal/deputati/saeima14_depweb_public.nsf/0/06F0ADB3DA699EE0C22588E0002AE393?OpenDocument&lang=LV,Ricards.Slesers@saeima.lv
Rihards Kols,Frakcija “Nacionālā apvienība”,V,1984,Ādažu novads,"Augstākā izglītība (Biznesa augstskola ''Turība'' 2008 Profesionālais bakalaura grāds tiesību zinātnē, juriskonsults; Vestminsteres Universitāte 2010 Maģistra grāds, starptautiskā diplomātija)","Nacionālā apvienība ""Visu Latvijai!""-""Tēvzemei un Brīvībai/LNNK""",Pilntiesīgs mandāts,,https://titania.saeima.lv/personal/deputati/saeima14_depweb_public.nsf/depArchive.html?ReadForm&unid=23D192EEADECD20FC22588E0002AE26D&url=./0/23D192EEADECD20FC22588E0002AE26D?OpenDocument&lang=LV,Rihards.Kols@saeima.lv
Skaidrīte Ābrama,Frakcija PROGRESĪVIE,S,1956,Rīga,"Augstākā izglītība (Latvijas valsts universitāte 1981 Diploms par vācu valodas un literatūras pasniedzēja, filologa, tulka kvalifikāciju; Šveices institūti AKAD un IMAKA (Sanktgallene) 1994 Pēcdiploma studijas, specialitāte – Biznesa menedžments; Latvijas Universitāte 2003 Sociālo zinātņu maģistrs vadībzinātnē, specialitāte – Starptautiskais bizness un ekonomika)",PROGRESĪVIE,Pilntiesīgs mandāts,,https://titania.saeima.lv/personal/deputati/saeima14_depweb_public.nsf/0/F6DBC43D4D37E708C22588E0002AE404?OpenDocument&lang=LV,Skaidrite.Abrama@saeima.lv
Svetlana Čulkova,Frakcija “Stabilitātei!”,S,1989,Rīga,Augstākā izglītība (Informācijas sistēmu menedžmenta augstskola 2013 Uzņēmējdarbība vadībā un tūrisma uzņēmējdarbības vadītāja profesionāla kvalifikācija),,Pilntiesīgs mandāts,,https://titania.saeima.lv/personal/deputati/saeima14_depweb_public.nsf/0/D3D88E397CD36F3BC22588E0002AE1E1?OpenDocument&lang=LV,Svetlana.Culkova@saeima.lv
Uģis Mitrevics,Frakcija “Nacionālā apvienība”,V,1967,Siguldas novads,Augstākā izglītība (Latvijas universitāte 1995 Ekonomists; Latvijas Lauksaimniecības universitāte 2003 Inženieris),,Pilntiesīgs mandāts,,https://titania.saeima.lv/personal/deputati/saeima14_depweb_public.nsf/0/CC46C0000637B0C6C22588E0002AE2B2?OpenDocument&lang=LV,Ugis.Mitrevics@saeima.lv
Uģis Rotbergs,Frakcija JAUNĀ VIENOTĪBA,V,1961,Rīga,Augstākā izglītība (Latvijas Lauksaimniecības akadēmija 1984 Inženieris - mežkopis; Rīgas Biznesa institūts 2007 Augstākā līmeņa vadība),"Jaunā VIENOTĪBA (Nacionālās VIENOTĪBAS apvienība; Partijas Jaunais laiks, partijas Pilsoniskā savienība un partijas Sabiedrība Citai Politikai apvienība; VIENOTĪBA)",Pilntiesīgs mandāts,,https://titania.saeima.lv/personal/deputati/saeima14_depweb_public.nsf/depArchive.html?ReadForm&unid=56EFAEBA9D49201DC22588E0002AE078&url=./0/56EFAEBA9D49201DC22588E0002AE078?OpenDocument&lang=LV,Ugis.Rotbergs@saeima.lv
Valdis Maslovskis,Zaļo un Zemnieku savienības frakcija,V,1974,Ludzas novads,"Augstākā izglītība (Latvijas Policijas Akadēmija 2001 Jurists, profesionālais maģistra grāds)",,Apstiprināts uz laiku,,https://titania.saeima.lv/personal/deputati/saeima14_depweb_public.nsf/0/026CBA2D884CB491C22588E0002AE119?OpenDocument&lang=LV,Valdis.Maslovskis@saeima.lv
Viktorija Baire,Frakcija JAUNĀ VIENOTĪBA,S,1982,Ķekavas novads,Augstākā izglītība (Latvijas Universitāte 2006 jurista kvalifikācija),"Jaunā VIENOTĪBA (Nacionālās VIENOTĪBAS apvienība; Partijas Jaunais laiks, partijas Pilsoniskā savienība un partijas Sabiedrība Citai Politikai apvienība; VIENOTĪBA)",Apstiprināts uz laiku,,https://titania.saeima.lv/personal/deputati/saeima14_depweb_public.nsf/0/89C9ACD4575B7A20C22588E0002AE0BC?OpenDocument&lang=LV,Viktorija.Baire@saeima.lv
Viktorija Pleškāne,Frakcija “Stabilitātei!”,S,1975,Rēzekne,"Augstākā izglītība (Rēzeknes Augstskola 1998 Ekonomikas bakalaura grāds, ekonomista kvalifikācijas tūrisma un viesnīcu uzņēmējdarbības vadībā; Rēzeknes Augstskola 2003 Sociālo zinātņu maģistra vadības zinātnē akadēmiska grāds; Latvijas Universitāte 2012 Profesionālais maģistra grāds darba aizsardzībā, darba aizsardzības vecāka speciālista kvalifikācija)","Stabilitātei!, Politiskā partija",Pilntiesīgs mandāts,,https://titania.saeima.lv/personal/deputati/saeima14_depweb_public.nsf/0/3330A542CC174D70C22588E0002AE1CB?OpenDocument&lang=LV,Viktorija.Pleskane@saeima.lv
Viktors Pučka,Frakcija “Stabilitātei!”,V,1974,Daugavpils,Vidējā izglītība (Skrudalienas vidusskola 1992 Vispārējā videjā),,Pilntiesīgs mandāts,,https://titania.saeima.lv/personal/deputati/saeima14_depweb_public.nsf/0/A332973FE6E07353C22588E0002AE1CD?OpenDocument&lang=LV,Viktors.Pucka@saeima.lv
Vilis Krištopans,Frakcija LATVIJA PIRMAJĀ VIETĀ,V,1954,Ropažu novads,Augstākā izglītība (Rīgas Politehniskais institūts 1980 inženieris - celtnieks),,Pilntiesīgs mandāts,,https://titania.saeima.lv/personal/deputati/saeima14_depweb_public.nsf/depArchive.html?ReadForm&unid=E9680A2335D68748C22588E0002AE31B&url=./0/E9680A2335D68748C22588E0002AE31B?OpenDocument&lang=LV,Vilis.Kristopans@saeima.lv
Zanda Kalniņa-Lukaševica,Frakcija JAUNĀ VIENOTĪBA,S,1978,Jūrmala,Augstākā izglītība (Jelgavas Spīdolas skola - ģimnāzija 1996 Vidējā izglītība; Latvijas Kristīgā akadēmija 2002 Sociāli karitatīvais darbs; Latvijas Universitāte 2004 Maģistra grāds vadības zinātnē; Latvijas Universitāte 2013 Doktora grāds vadības zinātnē),"Jaunā VIENOTĪBA (Nacionālās VIENOTĪBAS apvienība; Partijas Jaunais laiks, partijas Pilsoniskā savienība un partijas Sabiedrība Citai Politikai apvienība; VIENOTĪBA)",Pilntiesīgs mandāts,,https://titania.saeima.lv/personal/deputati/saeima14_depweb_public.nsf/depArchive.html?ReadForm&unid=1A47A35970ACAC96C22588E0002AE072&url=./0/1A47A35970ACAC96C22588E0002AE072?OpenDocument&lang=LV,Zanda.Kalnina-Lukasevica@saeima.lv
Zane Skujiņa-Rubene,Frakcija JAUNĀ VIENOTĪBA,S,1993,Rīga,Augstākā izglītība (Rīgas 85.vidusskola 2012 Vispārējā vidējā izglītība; Latvijas Universitāte 2015 Sociālo zinātņu bakalaura grāds žurnālistikā un komunikācijā; Rīgas Stradiņa universitāte 2018 Sociālo zinātņu maģistra grāds informācijas un komunikācijas zinātnēs),,Pilntiesīgs mandāts,,https://titania.saeima.lv/personal/deputati/saeima14_depweb_public.nsf/0/420041137098FD9AC22588E0002AE07D?OpenDocument&lang=LV,Zane.Skujina-Rubene@saeima.lv